OBJECTID,NAME,Town,COUNTY,GNIS_ID,FIPS_CODE,SWIS,POP1990,POP2000,POP2010,POP2020,DOS_LL,DOSLL_DATE,MAP_SYMBOL,CALC_SQ_MI,DATEMOD,Shape__Area,Shape__Length
1,Adams,Adams,Jefferson,2391499,360450021000199,222001,1753,1624,1775,1633,1-2005,4/25/2005 12:00:00 AM,1,1.4495964780499,11/5/2018 12:00:00 AM,7216163.109375,14520.8394469203
2,Addison,Addison,Steuben,2391500,361010028700276,462001,1842,1797,1763,1561,,,1,1.93013184468112,2/28/2018 12:00:00 AM,9088099.83984375,17327.0278357705
3,Afton,Afton,Chenango,2391501,360170035300342,082001,838,836,822,794,,,1,1.62922831631819,10/2/2018 12:00:00 AM,7707078.59765625,11279.2123925875
4,Airmont,Ramapo,Rockland,2391502,360876051000408,392621,1770,7799,8628,10166,,,3,4.56362630679066,10/4/2019 12:00:00 AM,20847068.3164063,20728.7423716422
5,Akron,Newstead,Erie,2391503,360295071600441,145601,2906,3085,2868,2888,,,1,1.92730384436385,7/15/2021 12:00:00 AM,9331128.32421875,25444.7157331967
6,Albion,"Albion, Gaines",Orleans,2391504,360730104401033,342001,5863,7438,6056,5637,,,1,2.95656104961799,2/9/2018 12:00:00 AM,14425603.0039063,19013.5383902361
7,Alden,Alden,Erie,2391505,360290109901088,142001,2457,2666,2605,2604,,,1,2.67909938865053,11/20/2017 12:00:00 AM,12921146.515625,14659.8484531399
8,Alexander,Alexander,Genesee,2391506,360370116501154,182201,445,481,509,518,,,1,0.452140833197252,12/12/2017 12:00:00 AM,2181436.26953125,9843.41472639771
9,Alexandria Bay,Alexandria,Jefferson,2391507,360450117601187,222201,1194,1088,1078,924,,,1,1.50397773005389,11/1/2018 12:00:00 AM,7621504.62890625,14392.3629657987
10,Alfred,Alfred,Allegany,2391508,360030120901198,022001,4559,3954,4174,4026,,,1,1.19235687311985,10/1/2018 12:00:00 AM,5637788.46875,13091.1711375205
11,Allegany,Allegany,Cattaraugus,2391509,360090129701286,042001,1980,1883,1816,1544,2-2017,4/6/2017 12:00:00 AM,1,0.771441822558016,7/15/2021 12:00:00 AM,3626305.18359375,14922.2786868303
12,Almond,"Almond, Hornellsville","Allegany, Steuben",2391510,360030145101440,022601,458,461,466,415,,,1,0.540767930957094,1/31/2017 12:00:00 AM,2562292.765625,7731.1581055759
13,Altamont,Guilderland,Albany,2391511,360013110401517,013001,1519,1737,1720,1675,1-2014,12/5/2014 12:00:00 AM,1,1.20043807805113,7/29/2022 12:00:00 AM,5764432.3359375,18077.7737185267
14,Ames,Canajoharie,Montgomery,2391513,360571212201737,272201,166,173,145,138,,,1,0.122269409176808,2/1/2018 12:00:00 AM,589695.99609375,4720.3075759913
15,Amityville,Babylon,Suffolk,2391514,361030400002044,472001,9286,9441,9523,9500,,,1,2.43975109662426,,10999129.421875,16581.3979571054
16,Andover,Andover,Allegany,2391515,360030215402143,023001,1125,1073,1042,890,,,1,1.00050649667369,10/1/2018 12:00:00 AM,4716281.76953125,8687.09524081478
17,Angelica,Angelica,Allegany,2391516,360030218702176,023201,963,903,869,723,,,1,2.13776639444641,10/1/2018 12:00:00 AM,10122104.0976563,12956.6962153339
18,Angola,Evans,Erie,2391517,360292480102198,144401,2231,2266,2127,2046,,,1,1.36398921394444,7/15/2020 12:00:00 AM,6519192.69140625,10335.4517316059
19,Antwerp,Antwerp,Jefferson,2391518,360450229702286,222401,739,716,686,506,,,1,1.03210431509598,11/1/2018 12:00:00 AM,5205771.8671875,9126.95184740166
20,Arcade,Arcade,Wyoming,2391519,361210241802407,562001,2081,2026,2071,1908,,,1,2.58657610634138,9/20/2018 12:00:00 AM,12329084.7109375,26278.7841459427
21,Ardsley,Greenburgh,Westchester,2391523,361193036702506,552601,4272,4269,4452,5079,,,1,1.31004780773056,,5968424.98828125,12925.0305054393
22,Argyle,Argyle,Washington,2391524,361150256102550,532001,295,289,306,289,,,1,0.317019584558771,9/6/2018 12:00:00 AM,1548299.6953125,4933.70760924689
23,Arkport,Hornellsville,Steuben,2391525,361013568302583,465203,770,832,844,745,,,1,0.714148579034932,2/28/2018 12:00:00 AM,3391785.0859375,9953.64161909606
24,Asharoken,Huntington,Suffolk,2391526,361033700002737,472601,807,625,654,592,,,2,1.48841831019021,,6764552.62109375,30522.5209665791
25,Athens,Athens,Greene,2391527,360390291302902,192201,1708,1695,1668,1586,,,1,4.65088137587668,,22024470.9101563,17862.4190699535
26,Atlantic Beach,Hempstead,Nassau,2391528,360593400002968,282043,1933,1986,1891,1707,,,2,0.656403536490533,,2952595.36328125,8852.54044830823
27,Attica,"Alexander, Attica","Genesee, Wyoming",2391529,361210301203001,182203,2630,2597,2547,2450,,,1,1.72175698591258,12/12/2017 12:00:00 AM,8296524.53515625,15896.8860759017
28,Aurora,Ledyard,Cayuga,2391530,360114174003188,053401,687,720,724,607,,,1,0.907184536535812,2/21/2018 12:00:00 AM,4361248.05859375,12202.5794191823
29,Avoca,Avoca,Steuben,2391531,361010334203331,462201,1033,1008,946,809,,,1,1.13561869579154,2/28/2018 12:00:00 AM,5397713.51171875,10160.3441180198
30,Avon,Avon,Livingston,2391532,360510336403353,242001,2995,2977,3394,3399,1-2013,2/11/2013 12:00:00 AM,1,3.14973337656629,7/16/2021 12:00:00 AM,15209445.9453125,21040.2904176301
31,Babylon,Babylon,Suffolk,2391533,361030400003408,472003,12249,12615,12166,12188,,,1,2.85053279471785,,12859800.4414063,16994.8991706828
32,Bainbridge,Bainbridge,Chenango,2391534,360170404404033,082201,1550,1365,1355,1251,,,1,1.31622880060691,10/2/2018 12:00:00 AM,6239776.3671875,10662.0065312673
33,Baldwinsville,"Lysander, Van Buren",Onondaga,2391535,360674403904198,313601,6591,7053,7378,7898,5-2006,10/23/2006 12:00:00 AM,1,3.35792238551484,7/15/2021 12:00:00 AM,16359184.2929688,34386.0289294935
34,Ballston Spa,"Ballston, Milton",Saratoga,2391536,360914753704253,412001,4937,5556,5409,5111,2-2012,9/14/2012 12:00:00 AM,1,1.61500122024951,11/10/2017 12:00:00 AM,7830204.91015625,18191.3572742247
35,Barker,Somerset,Niagara,2391538,360636833004440,293801,569,577,533,575,,,1,0.415459102873961,2/2/2018 12:00:00 AM,2031773.48046875,7521.9426503781
36,Bath,Bath,Steuben,2391540,361010477004759,462401,5801,5641,5786,5571,<Null>,,1,3.11698982205461,2/28/2018 12:00:00 AM,14782128.484375,23529.2960989916
37,Baxter Estates,North Hempstead,Nassau,2391541,360595300004803,282201,961,1006,999,991,,,1,0.166963546026014,,756521.10546875,4058.79253415063
38,Bayville,Oyster Bay,Nassau,2391542,360595600005034,282401,7193,7135,6669,6748,,,1,1.38587389194747,7/16/2021 12:00:00 AM,6292966.77734375,13854.0623157011
39,Belle Terre,Brookhaven,Suffolk,2391544,361031000005672,472201,839,832,792,808,,,2,0.908250372589455,,4129603.359375,9927.15837977562
40,Bellerose,Hempstead,Nassau,2391545,360593400005639,282001,1101,1173,1193,1173,,,2,0.120618866552196,,544752.390625,3035.43053131183
41,Bellport,Brookhaven,Suffolk,2391546,361031000005771,472203,2572,2363,2084,2203,,,1,1.50650097916301,,6806915.359375,13144.3311257197
42,Belmont,Amity,Allegany,2391547,360030201105815,022801,1006,952,969,856,,,1,0.987897382393585,10/1/2018 12:00:00 AM,4665217.8515625,8630.40750816704
43,Bemus Point,Ellery,Chautauqua,2391548,360132397605848,063601,383,340,364,306,,,1,0.431131496964184,12/7/2017 12:00:00 AM,2028764.32421875,8433.71245621947
44,Bergen,Bergen,Genesee,2391549,360370605706046,182601,1103,1240,1176,1208,1-2003,4/14/2003 12:00:00 AM,1,0.72236721474329,12/22/2017 12:00:00 AM,3506795.203125,11038.9564377838
45,Black River,"Le Ray, Rutland",Jefferson,2391551,360456426506794,224001,1349,1285,1348,1232,,,1,1.86128747837349,11/1/2018 12:00:00 AM,9327896.21484375,15824.2776489497
46,Blasdell,Hamburg,Erie,2391552,360293165406849,144801,2900,2718,2553,2539,,,1,0.995088999468123,11/20/2017 12:00:00 AM,4781534.28515625,11895.3989877331
47,Bloomfield,East Bloomfield,Ontario,2391553,360692169906945,322605,1358,1267,1361,1277,,,1,1.39917985583049,2/8/2018 12:00:00 AM,6755238.6796875,15930.3325927836
48,Bloomingburg,Mamakating,Sullivan,2391554,361054480906959,484001,316,353,420,1032,3-2006,12/18/2006 12:00:00 AM,1,0.684208207893652,5/15/2020 12:00:00 AM,3169204.796875,12416.2936451653
49,Bolivar,Bolivar,Allegany,2391555,360030720107190,023801,1261,1173,1047,1010,,,2,0.772335010108899,12/11/2017 12:00:00 AM,3629242.16796875,10428.671281463
50,Boonville,Boonville,Oneida,2391556,360650736607355,302601,2220,2138,2072,2020,,,1,1.73163276267777,6/28/2017 12:00:00 AM,8528229.71484375,12803.6250511914
51,Brewster,Southeast,Putnam,2391557,360796892408070,373001,1566,2162,2390,2508,1-2014,8/14/2014 12:00:00 AM,1,0.472036170212692,11/8/2018 12:00:00 AM,2175474.796875,8699.94439325392
52,Briarcliff Manor,"Mount Pleasant, Ossining",Westchester,2391558,361195554108103,553405,7070,7696,7867,7569,,,1,5.95544694650295,,27237070.2773438,27691.7087292075
53,Brightwaters,Islip,Suffolk,2391560,361033800008323,472801,3265,3248,3103,3181,,,1,0.97129151733144,,4384910.671875,13246.0177513787
54,Broadalbin,"Broadalbin, Mayfield",Fulton,2391561,360350843308422,172201,1397,1411,1327,1384,2-2012,12/24/2012 12:00:00 AM,1,1.30400780119573,1/15/2015 12:00:00 AM,6333298.5546875,17522.0445976875
55,Brockport,"Clarkson, Sweden",Monroe,2391562,360557245508466,265201,8749,8103,8366,7104,,,1,2.21078937606026,5/8/2017 12:00:00 AM,10778196.1484375,22091.1909297696
56,Brocton,Portland,Chautauqua,2391563,360135942108488,066001,1387,1547,1486,1286,<Null>,,1,1.7718260395028,12/7/2017 12:00:00 AM,8396854.41015625,12329.9867486167
57,Bronxville,Eastchester,Westchester,2391564,361192182008532,552401,6028,6543,6323,6656,,,1,0.967892116524206,9/23/2021 12:00:00 AM,4399735.3984375,8775.53476838336
58,Brookville,Oyster Bay,Nassau,2391565,360595600010132,282403,3716,2126,3465,2939,,,3,4.03495781862668,8/25/2021 12:00:00 AM,18269746.4570313,27874.2450708074
59,Brownville,Brownville,Jefferson,2391566,360451024210231,222601,1138,1022,1119,930,,,2,0.634072480524326,7/15/2020 12:00:00 AM,3177145.71875,7425.93020566307
60,Brushton,Moira,Franklin,2391567,360334793310286,165001,522,479,474,443,,,1,0.289748403838897,7/24/2018 12:00:00 AM,1493275.77734375,6906.05182177335
61,Buchanan,Cortlandt,Westchester,2391568,361191841010341,552201,1970,2189,2230,2302,,,1,1.46561787286893,,6728029.078125,12775.0617831614
62,Burdett,Hector,Schuyler,2391569,360973307311132,442601,372,357,340,331,,,1,0.961885379211364,11/9/2018 12:00:00 AM,4574819.74609375,11674.7400394599
63,Burke,Burke,Franklin,2391570,360331116511154,163201,209,213,211,160,,,1,0.30586190664523,7/24/2018 12:00:00 AM,1580170.62109375,5784.07734375866
64,Caledonia,Caledonia,Livingston,2391571,360511171511704,242201,2262,2327,2201,2080,,,1,2.0988183211829,1/25/2018 12:00:00 AM,10154305.5625,14022.9112004877
65,Cambridge,"Cambridge, White Creek",Washington,2391572,361158157811825,532201,1906,1925,1870,1788,,,1,1.7256284247276,9/6/2018 12:00:00 AM,8370530.70703125,12372.7495481235
66,Camden,Camden,Oneida,2391573,360651185811847,303001,2552,2330,2231,2196,,,1,2.25327270528142,6/28/2017 12:00:00 AM,11043898.2304688,13551.7226527503
67,Camillus,Camillus,Onondaga,2391574,360671191311902,312001,1150,1249,1213,1222,,,1,0.405006083883466,7/26/2021 12:00:00 AM,1965539.4609375,7160.91113710519
68,Canajoharie,Canajoharie,Montgomery,2391575,360571212212111,272203,2278,2257,2229,2037,,,1,1.36128419753096,2/1/2018 12:00:00 AM,6578531.671875,20627.2717224622
69,Canaseraga,Burns,Allegany,2391576,360031125312177,024001,684,594,550,460,,,1,1.06578440283932,10/1/2018 12:00:00 AM,5072551.36328125,9013.51320832294
70,Canastota,Lenox,Madison,2391577,360534190512188,253601,4673,4425,4804,4556,,,1,3.31791286295932,3/8/2018 12:00:00 AM,16128697.9453125,18923.2616104429
71,Candor,Candor,Tioga,2391578,361071222112210,492401,869,855,851,786,,,1,0.459900568994803,4/7/2017 12:00:00 AM,2174937.4921875,6813.92787754882
72,Canisteo,Canisteo,Steuben,2391579,361011226512254,463201,2421,2336,2270,2176,,,1,0.926112678589004,2/28/2018 12:00:00 AM,4381833.578125,12817.2861036559
73,Canton,Canton,St Lawrence,2391580,360891234212331,402201,6379,5882,6314,7155,3-2016,4/18/2016 12:00:00 AM,1,4.22137676030411,11/14/2018 12:00:00 AM,21585621.0234375,50899.1581839362
74,Cape Vincent,Cape Vincent,Jefferson,2391581,360451236412353,222801,683,760,726,699,,,1,0.731445367933408,11/1/2018 12:00:00 AM,3679479.20703125,11325.0687266679
75,Carthage,Wilna,Jefferson,2391582,360458234812683,226001,4344,3721,3747,3236,,,1,2.58279333567268,7/15/2021 12:00:00 AM,12933300.09375,28449.4042175626
76,Cassadaga,Stockton,Chautauqua,2391583,360137147612749,066801,768,676,634,573,,,1,1.06627236524469,12/7/2017 12:00:00 AM,5046464.94140625,10347.489214028
77,Castile,Castile,Wyoming,2391584,361211278212771,562601,1078,1051,1015,970,1-2017,5/2/2017 12:00:00 AM,1,1.36803443754897,7/15/2021 12:00:00 AM,6544640.51171875,11355.6640403475
78,Castleton-on-Hudson,Schodack,Rensselaer,2391585,360836554112870,384401,1491,1619,1473,1477,,,1,0.829363878379794,11/10/2017 12:00:00 AM,3960346.72265625,12363.5289494747
79,Castorland,Denmark,Lewis,2391586,360492021412881,232201,292,306,351,334,<Null>,,1,0.339572493454227,11/7/2018 12:00:00 AM,1694892.484375,8261.68092133008
80,Cato,"Cato, Ira",Cayuga,2391587,360113766012958,052403,581,601,532,517,,,1,1.02023318226046,2/21/2018 12:00:00 AM,4971500.984375,8921.89813973266
81,Catskill,Catskill,Greene,2391588,360391301313002,192601,4690,4392,4081,3745,,,1,2.87359045199075,,13585029.7578125,17123.8229379036
82,Cattaraugus,New Albion,Cattaraugus,2391589,360094988013024,046401,1100,1075,1002,960,,,1,1.11492880109669,,5277981.4375,10888.4496052046
83,Cayuga,Aurelius,Cayuga,2391590,360110316613068,052001,556,509,549,472,,,1,0.885035547469512,2/21/2018 12:00:00 AM,4277779.5625,13508.3903794613
84,Cayuga Heights,Ithaca,Tompkins,2391591,361093808813079,503001,3457,3273,3729,4114,,,2,1.76145270356882,11/28/2018 12:00:00 AM,8392957.9296875,12880.8421138856
85,Cazenovia,Cazenovia,Madison,2391592,360531315613145,252201,3007,2614,2835,2767,3-2018,4/5/2018 12:00:00 AM,1,1.86385540048625,6/25/2018 12:00:00 AM,9014657.69140625,19499.3003502124
86,Cedarhurst,Hempstead,Nassau,2391593,360593400013233,282003,5716,6164,6592,7374,,,2,0.696502046351087,,3136367.515625,8451.81521993767
87,Celoron,Ellicott,Chautauqua,2391594,360132399813288,063801,1232,1295,1112,1069,,,1,0.750974655599881,12/7/2017 12:00:00 AM,3527969.5,8070.96816631663
88,Central Square,Hastings,Oswego,2391595,360753268813585,353201,1671,1646,1848,1862,,,1,1.91157504869755,3/12/2018 12:00:00 AM,9352617.2734375,21674.630723212
89,Centre Island,Oyster Bay,Nassau,2391596,360595600013618,282405,439,444,410,407,,,1,1.06724743818013,,4845229.5546875,15000.8672838178
90,Champlain,Champlain,Clinton,2391597,360191375013739,092801,1273,1173,1101,1170,,,1,1.49152838979681,12/7/2018 12:00:00 AM,7726336.7421875,15445.3880034957
91,Chateaugay,Chateaugay,Franklin,2391598,360331399213981,163401,845,798,833,735,,,1,1.09012494100719,7/24/2018 12:00:00 AM,5636354.9609375,10133.4498835281
92,Chatham,"Chatham, Ghent",Columbia,2391599,360212887114003,102601,1920,1758,1770,1529,,,1,1.22137214146003,1/22/2018 12:00:00 AM,5800221.07421875,11144.4102660793
93,Chaumont,Lyme,Jefferson,2391600,360454386314036,224401,593,592,624,615,3-2005,8/16/2005 12:00:00 AM,1,1.06497544235174,3/9/2006 12:00:00 AM,5347086.0234375,13620.5878231438
94,Cherry Valley,Cherry Valley,Otsego,2391602,360771525315242,362401,617,592,520,467,,,1,0.5096181043021,2/13/2018 12:00:00 AM,2454782.6484375,6190.32807288976
95,Chester,"Chester, Goshen",Orange,2391603,360711530815297,332201,3270,3445,3969,3993,,,1,2.16647965631716,10/25/2017 12:00:00 AM,9974887.8515625,25441.2612342857
96,Chestnut Ridge,Ramapo,Rockland,2391604,360876051015400,392615,7517,7829,7916,10505,,,1,4.95023054939384,10/4/2019 12:00:00 AM,22601778.4648438,19237.6308915146
97,Chittenango,Sullivan,Madison,2391607,360537199315561,254801,4734,4855,5081,4896,4-2012,7/11/2012 12:00:00 AM,1,2.54480121098642,10/20/2020 12:00:00 AM,12355143.8320313,34233.931848496
98,Churchville,Riga,Monroe,2391608,360556180815638,264801,1731,1887,1961,2091,4-2007,7/27/2007 12:00:00 AM,1,1.21306853114673,5/8/2017 12:00:00 AM,5893190.60546875,19330.8026984059
99,Clayton,Clayton,Jefferson,2391609,360451610016089,223201,2160,1821,1978,1705,,,1,2.57569640730623,7/26/2021 12:00:00 AM,13006166.5625,18132.3195191909
100,Clayville,Paris,Oneida,2391610,360655633016111,305001,463,445,350,339,,,1,0.443642031275272,6/28/2017 12:00:00 AM,2149181.12890625,8481.98186591222
101,Cleveland,Constantia,Oswego,2391612,360751790416188,352601,784,758,750,732,,,1,1.13668667457513,3/12/2018 12:00:00 AM,5553561.8203125,11046.8076594788
102,Clifton Springs,"Manchester, Phelps",Ontario,2391613,360694486416375,323605,2175,2223,2127,2209,1-2016,8/1/2016 12:00:00 AM,1,1.48368255061729,7/27/2021 12:00:00 AM,7179037.16015625,12743.7999948586
103,Clinton,Kirkland,Oneida,2391614,360653980416419,304001,2238,1952,1942,1683,,,1,0.612516707539706,6/28/2017 12:00:00 AM,2974355.94921875,10536.4686294352
104,Clyde,Galen,Wayne,2391615,361172801316573,542401,2409,2269,2093,2171,,,1,2.24620737330442,7/25/2018 12:00:00 AM,10914060.6523438,13213.5407544884
105,Cobleskill,Cobleskill,Schoharie,2391616,360951663916628,432601,5268,4533,4678,4173,1-2012,3/27/2012 12:00:00 AM,1,3.59204880150996,11/21/2017 12:00:00 AM,17236078.8320313,29650.1095445127
106,Cohocton,Cohocton,Steuben,2391617,361011673816727,463601,859,854,838,703,,,1,1.48509537582461,2/28/2018 12:00:00 AM,7078600.2265625,11486.4636075413
107,Cold Brook,Russia,Herkimer,2391618,360436425416815,214401,310,336,329,250,,,1,0.437351848978599,6/28/2017 12:00:00 AM,2137033.97265625,6851.93352010935
108,Cold Spring,Philipstown,Putnam,2391619,360795758416936,372601,1998,1983,2013,1986,,,2,0.602995293350475,11/8/2018 12:00:00 AM,2781302.8515625,7628.24479389309
109,Colonie,Colonie,Albany,2391620,360011734317332,012601,8019,7916,7793,7781,,,1,3.2558590677507,7/29/2022 12:00:00 AM,15640574.7421875,20697.4593704395
110,Constableville,West Turin,Lewis,2391621,360498109417882,235401,307,305,242,293,,,1,1.13074733491951,11/7/2018 12:00:00 AM,5584087.21484375,9472.78140164329
111,Cooperstown,"Middlefield, Otsego",Otsego,2391622,360775569518047,363801,2180,2032,1852,1794,,,1,1.84009915693665,2/13/2018 12:00:00 AM,8835795.1015625,11607.879832827
112,Copenhagen,Denmark,Lewis,2391623,360492021418135,232203,876,865,801,631,,,1,1.17875146593281,11/7/2018 12:00:00 AM,5884723.65234375,9923.40981392646
113,Corfu,"Darien, Pembroke",Genesee,2391624,360375707818201,184201,755,795,709,689,,,1,0.954406299878368,12/12/2017 12:00:00 AM,4612749.53125,10461.1307636914
114,Corinth,Corinth,Saratoga,2391625,360911822318212,412601,2760,2474,2559,2562,,,1,1.06351924112311,11/10/2017 12:00:00 AM,5196517.16796875,12989.4913791837
115,Cornwall-on-Hudson,Cornwall,Orange,2391626,360711830018333,332401,3093,3058,3018,3075,,,1,2.4457298445222,7/8/2020 12:00:00 AM,11287119.4960938,18361.9146245249
116,Cove Neck,Oyster Bay,Nassau,2391627,360595600018597,282407,332,300,286,293,,,2,1.37776065875307,,6251596.140625,11251.2296528627
117,Coxsackie,Coxsackie,Greene,2391628,360391872918718,192801,2789,2895,2813,2746,4-2013,1/3/2014 12:00:00 AM,1,2.59533159277338,,12323928.3515625,16221.1304879487
118,Croghan,"Croghan, New Bremen",Lewis,2391629,360491908119070,232001,664,665,618,639,,,1,0.426615398786841,11/7/2018 12:00:00 AM,2129971.8515625,7188.62309990844
119,Croton-on-Hudson,Cortlandt,Westchester,2391630,361191841019213,552203,7018,7606,8070,8327,,,1,10.6611854082915,,48847314.0976563,30168.9730341212
120,Cuba,Cuba,Allegany,2391631,360031936719356,024801,1690,1633,1575,1517,,,1,1.25367686674366,10/1/2018 12:00:00 AM,5918272.375,10225.0212032561
121,Dannemora,"Dannemora, Saranac",Clinton,2391632,360196521119642,093401,4005,4129,3936,3287,,,1,1.1930818821901,12/7/2018 12:00:00 AM,6124073.2890625,9708.20154966761
122,Dansville,"North Dansville, Sparta",Livingston,2391633,360515186919664,243801,5002,4832,4719,4433,,,1,2.60867001645991,1/25/2018 12:00:00 AM,12456577,27790.8401734056
123,Deferiet,Wilna,Jefferson,2391634,360458234819994,226003,293,309,294,245,,,1,0.750209140148999,11/1/2018 12:00:00 AM,3762998.953125,8531.51979360966
124,Delanson,Duanesburg,Schenectady,2391635,360932100620082,422001,361,385,377,335,,,1,0.649057117176833,11/8/2018 12:00:00 AM,3121070.09375,7264.12642702524
125,Delevan,Yorkshire,Cattaraugus,2391636,360098405520115,048401,1214,1089,1089,1043,,,1,0.976613323811437,,4649083.3984375,9464.70430183277
126,Delhi,Delhi,Delaware,2391637,360252013720126,122801,3064,2583,3087,2721,2-2018,8/28/2018 12:00:00 AM,1,3.19015157356467,7/27/2021 12:00:00 AM,15115531.5625,17964.4487679919
127,Depew,"Cheektowaga, Lancaster",Erie,2391638,360291501120313,143003,17673,16629,15303,15178,3-2003,7/16/2003 12:00:00 AM,1,5.06125625717011,7/15/2020 12:00:00 AM,24413941.2109375,24459.3566655312
128,Deposit,"Deposit, Sanford","Broome, Delaware",2391639,360252035720346,034201,1936,1699,1663,1387,,,1,1.32526093893056,10/5/2018 12:00:00 AM,6236734.8203125,10210.2898544775
129,Dering Harbor,Shelter Island,Suffolk,2391640,361036683920379,473201,28,13,11,50,,,1,0.302600754509845,,1380539.44140625,5362.13611654769
130,DeRuyter,DeRuyter,Madison,2391641,360532040120390,252401,568,531,558,408,,,1,0.374749004567455,3/8/2018 12:00:00 AM,1802646.546875,5375.16703546907
131,Dexter,Brownville,Jefferson,2391642,360451024220500,222603,1030,1120,1052,1004,<Null>,,1,0.717786585267366,11/1/2018 12:00:00 AM,3597216.5859375,13028.3435058234
132,Dobbs Ferry,Greenburgh,Westchester,2391643,361193036720698,552603,9940,10622,10875,11541,,,3,2.40558339181614,,10959257.9414063,13925.4259716938
133,Dolgeville,"Manheim, Oppenheim","Herkimer, Fulton",2391644,360434497420731,173401,2452,2166,2206,2042,,,1,1.87674099243016,6/28/2017 12:00:00 AM,9129531.35546875,12748.1156557622
134,Dresden,Torrey,Yates,2391645,361237505520896,573601,339,307,308,293,,,1,0.29694514095666,10/1/2018 12:00:00 AM,1424227.9375,5871.14390384433
135,Dryden,Dryden,Tompkins,2391646,361092096220951,502401,1908,1832,1890,1887,6-2005,8/26/2005 12:00:00 AM,1,1.75361809134125,11/28/2018 12:00:00 AM,8362408.8515625,15358.0855735091
136,Dundee,Starkey,Yates,2391647,361237081621050,573401,1588,1690,1725,1690,1-2003,9/12/2003 12:00:00 AM,1,1.08145385176144,10/1/2018 12:00:00 AM,5160484.46875,13701.6012325708
137,Earlville,"Hamilton, Sherburne","Madison, Chenango",2391648,360176689421523,085601,883,791,872,774,,,1,1.0859624850008,3/8/2018 12:00:00 AM,5221090.85546875,10100.318500556
138,East Aurora,Aurora,Erie,2391649,360290319921589,142401,6647,6673,6236,5998,,,1,2.48654333132951,11/20/2017 12:00:00 AM,11939775.6054688,25370.0599227215
139,East Hampton,East Hampton,Suffolk,2391650,361032219422183,472401,1402,1334,1083,1517,,,1,4.97601031377314,,22602745.0703125,33586.0137997823
140,East Hills,"North Hempstead, Oyster Bay",Nassau,2391651,360595300022260,282203,6746,6842,6955,7284,,,2,2.25640907309991,9/17/2021 12:00:00 AM,10212016.4492188,17732.3946332198
141,East Nassau,Nassau,Rensselaer,2391652,360834951722557,383003,563,571,587,559,,,1,4.73088507184165,11/10/2017 12:00:00 AM,22587211.28125,29879.7496853204
142,East Rochester,East Rochester,Monroe,2391654,360552287022865,265801,6932,6650,6587,6334,,,1,1.31137633586771,5/8/2017 12:00:00 AM,6374816.27734375,18426.4301019714
143,East Rockaway,Hempstead,Nassau,2391655,360593400022876,282005,10152,10414,9818,10159,,,1,1.05342503517907,8/16/2021 12:00:00 AM,4746020.3828125,10129.3596895359
144,East Syracuse,De Witt,Onondaga,2391656,360672047823052,312601,3343,3178,3084,3078,,,1,1.55392531489418,3/21/2018 12:00:00 AM,7548191.02734375,12929.7367941394
145,East Williston,North Hempstead,Nassau,2391657,360595300023217,282205,2515,2503,2556,2645,,,3,0.576819925610592,7/27/2021 12:00:00 AM,2607855.6953125,6535.00680862304
146,Elba,Elba,Genesee,2391659,360372375623745,183401,703,696,676,558,,,1,1.0142088690659,12/20/2017 12:00:00 AM,4921355.8828125,9655.20212031115
147,Elbridge,Elbridge,Onondaga,2391660,360672380023789,312801,1219,1103,1058,921,2-2003,8/25/2003 12:00:00 AM,1,1.0008636343143,7/27/2021 12:00:00 AM,4856876.09375,21419.5705150226
148,Ellenville,"Shawangunk, Wawarsing",Ulster,2391661,361117882823965,515601,4243,4130,4135,4167,,,1,9.13484938954744,10/9/2018 12:00:00 AM,42505380.5195313,53332.3175831087
149,Ellicottville,Ellicottville,Cattaraugus,2391662,360092403124020,043601,513,472,376,256,,,1,0.848959255531223,,4012782.125,11210.095763026
150,Ellisburg,Ellisburg,Jefferson,2391663,360452408624075,223401,246,269,244,186,,,1,1.00239176497985,11/1/2018 12:00:00 AM,4977392.4609375,9034.68084463992
151,Elmira Heights,"Elmira, Horseheads",Chemung,2391664,360153570524251,073001,4359,4170,4097,3916,,,1,1.16577398971395,,5494100.38671875,11489.3467851463
152,Elmsford,Greenburgh,Westchester,2391665,361193036724295,552605,3938,4676,4664,5239,,,1,1.03623807894193,,4726681.1484375,9746.18376288296
153,Endicott,Union,Broome,2391666,360077605624515,034601,13531,13038,13392,13667,,,1,3.40504228003987,7/15/2020 12:00:00 AM,16038584.1484375,28658.2896357879
154,Esperance,Esperance,Schoharie,2390828,360952472424713,433001,324,380,345,346,,,1,0.520833023439115,11/21/2017 12:00:00 AM,2505904.8046875,7444.19738330893
155,Evans Mills,Le Ray,Jefferson,2390829,360454201524823,224003,661,605,621,678,,,1,0.816849628580139,11/1/2018 12:00:00 AM,4104391.88671875,10276.8107027644
156,Fabius,Fabius,Onondaga,2390830,360672487824867,313001,310,355,352,309,,,1,0.425536779611445,3/21/2018 12:00:00 AM,2051879.28515625,5784.85454196097
157,Fair Haven,Sterling,Cayuga,2390831,360117114624988,055601,895,884,745,760,,,1,2.88244542495371,2/21/2018 12:00:00 AM,14117431.2421875,17777.772505591
158,Fairport,Perinton,Monroe,2390832,360555722125076,264403,5943,5740,5353,5501,,,1,1.59685602952668,7/27/2021 12:00:00 AM,7759491.8359375,16293.7020494385
159,Falconer,Ellicott,Chautauqua,2390833,360132399825164,063803,2653,2540,2420,2269,,,1,1.07722854422951,12/7/2017 12:00:00 AM,5063758.34375,10635.5063363932
160,Farmingdale,Oyster Bay,Nassau,2390834,360595600025384,282409,8022,8399,8189,8466,,,1,1.09604755713448,,4950891.91796875,9914.46680504445
161,Farnham,Brant,Erie,2390835,360290789425428,142801,427,322,382,381,,,1,1.02070969483025,11/20/2017 12:00:00 AM,4871363.734375,8845.79762480672
162,Fayetteville,Manlius,Onondaga,2390836,360674502925527,313801,4248,4190,4373,4225,,,1,1.72720222743986,3/21/2018 12:00:00 AM,8381147.07421875,21545.4706677581
163,Fishkill,Fishkill,Dutchess,2390837,360272597825967,133001,1957,1735,2171,2166,,,1,0.832490804628844,8/12/2010 12:00:00 AM,3853280.390625,14144.3218024705
164,Fleischmanns,Middletown,Delaware,2390838,360254703126209,124601,351,351,351,210,,,1,0.652486664636445,10/5/2018 12:00:00 AM,3079414.2109375,10454.6945074489
165,Floral Park,"Hempstead, North Hempstead",Nassau,2390839,360593400026264,282007,15947,15967,15863,16172,,,1,1.42828684467647,9/22/2021 12:00:00 AM,6450187.6484375,14234.2393018775
166,Florida,"Goshen, Warwick",Orange,2390840,360717836626319,335401,2497,2571,2833,2888,<Null>,,1,2.21525809026066,10/25/2017 12:00:00 AM,10191557.9414063,30892.8783189119
167,Flower Hill,North Hempstead,Nassau,2390841,360595300026352,282207,4490,4508,4665,4794,,,2,1.59974469918026,9/16/2021 12:00:00 AM,7242766.37109375,17549.0304065706
168,Fonda,Mohawk,Montgomery,2390842,360574783426462,273201,1007,810,795,668,,,1,0.614989011204356,2/1/2018 12:00:00 AM,2977072.83984375,8142.06906079859
169,Fort Ann,Fort Ann,Washington,2390844,361152671526704,532801,419,471,484,460,,,1,0.293582917654213,9/6/2018 12:00:00 AM,1442222.73828125,6122.58182137076
170,Fort Edward,Fort Edward,Washington,2390845,361152678126770,533001,3561,3141,3375,3108,1-2010,4/22/2010 12:00:00 AM,1,1.9569415851417,9/6/2018 12:00:00 AM,9568074.06640625,16099.7254615183
171,Fort Johnson,Amsterdam,Montgomery,2390846,360570207726880,272001,615,491,490,401,,,1,0.719248448184531,2/1/2018 12:00:00 AM,3482346.31640625,9309.38319889679
172,Fort Plain,"Canajoharie, Minden, Palatine",Montgomery,2390847,360574761426924,272205,2416,2288,2322,1930,,,1,1.45469303635872,7/15/2020 12:00:00 AM,7037272.72265625,12491.7238338771
173,Frankfort,Frankfort,Herkimer,2390848,360432719927188,212601,2693,2537,2598,2320,,,1,1.00035743720896,7/26/2017 12:00:00 AM,4856149.0078125,9427.56169717538
174,Franklin,Franklin,Delaware,2390849,360252723227221,123201,409,402,374,258,,,1,0.328735682573155,10/5/2018 12:00:00 AM,1560692.8046875,5873.16170681607
175,Franklinville,Franklinville,Cattaraugus,2390850,360092734227331,044001,1739,1855,1740,1652,,,1,1.0708185984363,,5072556.9375,9908.41948251704
176,Fredonia,Pomfret,Chautauqua,2390851,360135898127419,065801,10436,10706,11230,9585,,,1,5.16650474391584,7/15/2020 12:00:00 AM,24529077.53125,19912.3867918326
177,Freeport,Hempstead,Nassau,2390852,360593400027485,282009,39894,43783,42860,44472,,,1,4.85422376682921,,21874288.8867188,22920.7336731664
178,Freeville,Dryden,Tompkins,2390853,361092096227529,502403,437,505,520,498,,,1,1.08972865433741,11/28/2018 12:00:00 AM,5199917.56640625,9118.45540133408
179,Fultonville,Glen,Montgomery,2390854,360572904727859,272801,748,710,784,742,,,2,0.568491215922013,2/1/2018 12:00:00 AM,2751283.86328125,6932.88550240949
180,Gainesville,Gainesville,Wyoming,2390855,361212798027969,563201,340,304,229,211,,,1,0.853494170214856,9/20/2018 12:00:00 AM,4084089.15234375,9286.24123411258
181,Galway,Galway,Saratoga,2390856,360912811228101,413201,151,214,200,165,,,1,0.259055725778744,,1256563.015625,4486.40329677298
182,Garden City,Hempstead,Nassau,2390857,360593400028178,282011,21686,21672,22371,23272,,,1,5.35596843042713,9/22/2021 12:00:00 AM,24189984.3828125,25872.4329726562
183,Geneseo,Geneseo,Livingston,2390858,360512862928618,242601,7187,7579,8031,7574,4-2018,12/28/2018 12:00:00 AM,1,2.85380625747915,8/9/2021 12:00:00 AM,13729282.1210938,20565.3461163383
184,Gilbertsville,Butternuts,Otsego,2390859,360771152828959,362201,388,375,399,308,,,1,1.00367802911558,2/13/2018 12:00:00 AM,4784172.53515625,9397.15977562792
185,Glen Park,"Brownville, Pamelia",Jefferson,2390860,360451024229322,222605,527,487,502,452,,,1,0.753050404867654,7/15/2020 12:00:00 AM,3772551.4609375,10470.8302600002
186,Goshen,Goshen,Orange,2390861,360712955329542,333001,5255,5676,5454,5777,4-2014,11/5/2014 12:00:00 AM,1,3.37645344881253,10/25/2017 12:00:00 AM,15567469.6289063,26700.8461005634
187,Gouverneur,Gouverneur,St Lawrence,2390862,360892960829597,404001,4604,4263,3949,3526,,,1,2.24497271279131,11/14/2018 12:00:00 AM,11376313.3632813,19607.8433691261
188,Gowanda,"Collins, Persia","Cattaraugus, Erie",2390863,360095733129630,047201,2901,2842,2709,2513,,,1,1.58695611379099,11/20/2017 12:00:00 AM,7543212.83203125,13214.6818003095
189,Grand View-on-Hudson,Orangetown,Rockland,2390864,360875521129872,392401,271,284,285,246,,,1,0.174468724370594,12/6/2018 12:00:00 AM,796066.60546875,8946.15936942971
190,Granville,Granville,Washington,2390865,361153003730026,533201,2646,2644,2543,2404,,,1,1.55602373296645,9/6/2018 12:00:00 AM,7641386.57421875,11778.4925297669
191,Great Neck,North Hempstead,Nassau,2390866,360595300030169,282209,8745,9538,9989,11145,,,3,1.35945924389465,9/17/2021 12:00:00 AM,6154203.3359375,19226.922409546
192,Great Neck Estates,North Hempstead,Nassau,2390867,360595300030191,282211,2790,2756,2761,2990,,,2,0.802540132450436,9/17/2021 12:00:00 AM,3631200.3125,8127.34378509899
193,Great Neck Plaza,North Hempstead,Nassau,2390868,360595300030213,282213,5897,6433,6707,7482,,,3,0.303796791210016,9/17/2021 12:00:00 AM,1374609.9921875,7539.49903477242
194,Green Island,Green Island,Albany,2390869,360013053230521,012801,2490,2278,2620,2934,,,1,0.945074493856368,4/27/2016 12:00:00 AM,4543759.3515625,10913.0276433392
195,Greene,Greene,Chenango,2390870,360173042230411,083001,1812,1701,1580,1463,,,1,1.07257190772279,10/2/2018 12:00:00 AM,5089707.234375,10659.936495369
196,Greenport,Southold,Suffolk,2390871,361036946330576,473801,2070,2048,2197,2583,,,1,1.13450859711245,,5177753.7734375,17696.7222761107
197,Greenwich,"Easton, Greenwich",Washington,2390872,361152265630675,532601,1961,1902,1777,1651,,,1,1.46821967103378,9/6/2018 12:00:00 AM,7135845.73046875,10935.8282538351
198,Greenwood Lake,Warwick,Orange,2390873,360717836630752,335403,3208,3411,3154,2994,,,1,2.14449763566299,10/25/2017 12:00:00 AM,9833003.203125,14727.5587324457
199,Groton,Groton,Tompkins,2390874,361093097230961,502801,2398,2470,2363,2145,,,1,1.66481198637128,,7963043.8828125,14493.2885017642
200,Hagaman,Amsterdam,Montgomery,2390875,360570207731291,272003,1377,1357,1292,1117,,,1,1.54260146993891,2/1/2018 12:00:00 AM,7471671.6328125,10698.005571551
201,Hamburg,Hamburg,Erie,2390876,360293165431643,144803,10442,10116,9409,9696,,,1,2.39349633618914,11/20/2017 12:00:00 AM,11473977.8203125,27398.4777040054
202,Hamilton,"Eaton, Hamilton, Madison",Madison,2390877,360533172031709,253203,3790,3509,4239,4107,1-2017,1/31/2017 12:00:00 AM,1,2.64713142547844,3/8/2018 12:00:00 AM,12763303.6132813,24173.4511435805
203,Hammond,Hammond,St Lawrence,2390878,360893184131830,404201,270,302,280,273,,,1,0.58425145360795,11/14/2018 12:00:00 AM,2971611.359375,7043.79428828787
204,Hammondsport,Urbana,Steuben,2390879,361017649631852,467201,929,731,661,583,,,1,0.393066703841833,2/26/2018 12:00:00 AM,1868492.890625,7574.47495227339
205,Hancock,Hancock,Delaware,2390880,360253195131940,123601,1330,1189,1031,908,,,1,1.71036673621848,4/26/2019 12:00:00 AM,8021428.25390625,14241.009387801
206,Hannibal,Hannibal,Oswego,2390881,360753202832017,353001,613,542,555,535,,,1,1.14396910305746,3/12/2018 12:00:00 AM,5602017.65234375,10094.8681236544
207,Harriman,"Monroe, Woodbury",Orange,2390882,360718275532325,334003,2288,2252,2424,2714,,,2,1.00931704347533,10/25/2017 12:00:00 AM,4640129.65234375,13906.0890540941
208,Harrison,Harrison,Westchester,2390883,361193241332402,552801,23308,24154,27472,28218,,,1,17.3365638788825,12/27/2005 12:00:00 AM,79002652.3320313,55353.9625528247
209,Hastings-on-Hudson,Greenburgh,Westchester,2390885,361193036732710,552607,8000,7648,7849,8590,,,1,2.09223672507614,12/27/2005 12:00:00 AM,9525456.27734375,13007.8515090052
210,Haverstraw,Haverstraw,Rockland,2390886,360873276532754,392201,9438,10117,11910,12323,,,2,2.047945952618,12/6/2018 12:00:00 AM,9381284.06640625,18166.574295003
211,Head of the Harbor,Smithtown,Suffolk,2390887,361036800032963,473401,1354,1447,1472,1520,,,2,2.94043218317826,8/23/2021 12:00:00 AM,13345010.953125,23692.2812224163
212,Hempstead,Hempstead,Nassau,2390888,360593400033139,282013,49453,56554,53891,59169,,,3,3.68763159709842,,16643720.6367188,21269.4982266151
213,Herkimer,Herkimer,Herkimer,2390889,360433413234121,213001,7945,7498,7743,7234,5-2004,8/23/2004 12:00:00 AM,1,2.65338856015216,7/15/2020 12:00:00 AM,12876441.1210938,25859.6751460808
214,Heuvelton,Oswegatchie,St Lawrence,2390892,360895556334264,406401,771,804,714,722,,,1,0.867844707054108,11/14/2018 12:00:00 AM,4439947.140625,11933.1704257712
215,Hewlett Bay Park,Hempstead,Nassau,2390893,360593400034297,282015,440,484,404,494,,,1,0.384188376094836,8/16/2021 12:00:00 AM,1730458.0703125,7547.46512540265
216,Hewlett Harbor,Hempstead,Nassau,2390894,360593400034308,282017,1193,1271,1263,1290,,,3,0.82606701894593,8/16/2021 12:00:00 AM,3720523.84765625,8949.14637270087
217,Hewlett Neck,Hempstead,Nassau,2390895,360593400034319,282019,547,504,445,569,,,2,0.214453481216114,8/17/2021 12:00:00 AM,965654.62109375,4792.18247422478
218,Highland Falls,Highlands,Orange,2390896,360713455034495,333601,3937,3678,3900,3684,<Null>,,1,1.12254890319221,10/25/2017 12:00:00 AM,5169128.4765625,16847.4983184947
219,Hillburn,Ramapo,Rockland,2390897,360876051034660,392601,892,881,951,930,,,2,2.24924364839582,10/4/2019 12:00:00 AM,10283731.640625,15916.3646775954
220,Hilton,Parma,Monroe,2390898,360555656134847,264001,5216,5856,5886,6027,,,1,1.76462109005751,5/8/2017 12:00:00 AM,8625675.81640625,20554.9079986725
221,Hobart,Stamford,Delaware,2390899,360257062934979,125201,385,390,441,351,,,1,0.508277084284285,10/5/2018 12:00:00 AM,2415293.7890625,8447.02517010791
222,Holland Patent,Trenton,Oneida,2390900,360657528035144,305801,411,461,458,416,,,1,0.499493071881032,6/28/2017 12:00:00 AM,2440756.890625,6527.6988948075
223,Holley,Murray,Orleans,2390901,360734928635155,343201,1890,1802,1811,1754,4-2011,11/7/2011 12:00:00 AM,1,1.26852506801686,8/17/2021 12:00:00 AM,6186112.640625,11354.4667561178
224,Homer,"Cortlandville, Homer",Cortland,2390902,360233528735276,112201,3476,3368,3291,3210,<Null>,,1,1.94543529202675,7/18/2018 12:00:00 AM,9320860.1953125,19195.8063517847
225,Honeoye Falls,Mendon,Monroe,2390903,360554655835364,263601,2340,2595,2674,2706,,,1,2.58841629451942,5/8/2017 12:00:00 AM,12518033.3476563,17119.3543433077
226,Hoosick Falls,Hoosick,Rensselaer,2390904,360833546335474,382801,3490,3436,3501,3216,,,1,1.48469679460687,11/10/2017 12:00:00 AM,7172082.953125,10860.4260753755
227,Horseheads,Horseheads,Chemung,2390905,360153570535694,073401,6802,6452,6461,6606,,,1,3.79401638839568,10/2/2018 12:00:00 AM,17904475.3710938,40918.350107564
228,Hudson Falls,Kingsbury,Washington,2390906,361153965035980,534401,7651,6927,7281,7427,,,1,1.94184708404384,9/6/2018 12:00:00 AM,9505248.0625,14228.1197177952
229,Hunter,"Hunter, Jewett",Greene,2390907,360393617836167,193601,429,490,502,429,1-2002,2/26/2002 12:00:00 AM,1,1.8475316138086,8/18/2021 12:00:00 AM,8734148.46484375,30960.6347042921
230,Huntington Bay,Huntington,Suffolk,2390908,361033700037022,472603,1521,1496,1425,1446,,,1,0.967561275552425,,4392371.00390625,13225.8098278019
231,Ilion,"German Flatts, Frankfort",Herkimer,2390909,360432875037275,212801,8888,8610,8053,7646,,,1,2.51353413406264,10/6/2017 12:00:00 AM,12191080.1015625,19361.401129272
232,Interlaken,Covert,Seneca,2390910,360991866337528,452001,680,674,602,595,,,1,0.267270523736558,11/13/2018 12:00:00 AM,1279444.2734375,7785.47995932358
233,Irvington,Greenburgh,Westchester,2390911,361193036737803,552609,6348,6631,6420,6652,,,2,2.91581116619793,,13292600.0117188,16206.3019054618
234,Island Park,Hempstead,Nassau,2390912,360593400037847,282021,4860,4732,4655,4928,,,1,0.387533498237486,,1743918.70703125,7122.18296840953
235,Islandia,Islip,Suffolk,2390913,361033800037840,472802,2769,3057,3335,3567,,,1,2.22313893718024,,10062144.953125,16294.5257494446
236,Jeffersonville,Callicoon,Sullivan,2390914,361051175938506,482201,484,420,359,368,,,1,0.440603456619802,11/21/2018 12:00:00 AM,2055321.109375,7049.79369278428
237,Johnson City,Union,Broome,2390915,360077605638748,034603,16890,15535,15174,15343,,,1,4.64508991876879,9/1/2017 12:00:00 AM,21897940.640625,24758.8308936002
238,Jordan,Elbridge,Onondaga,2390916,360672380038825,312803,1325,1314,1368,1192,,,1,1.16450364950377,3/21/2018 12:00:00 AM,5656212.09375,12266.6040071179
239,Kaser,Ramapo,Rockland,2390917,360876051038934,392619,1100,3316,4724,5491,,,1,0.171756485356249,12/6/2018 12:00:00 AM,785115.0625,9007.13922362235
240,Kenmore,Tonawanda,Erie,2390919,360297500039232,146401,17180,16426,15423,15205,,,1,1.43751770828121,11/20/2017 12:00:00 AM,6944610.30078125,12484.0821755379
241,Kensington,North Hempstead,Nassau,2390920,360595300039309,282215,1104,1209,1161,1226,,,1,0.231048311035251,9/17/2021 12:00:00 AM,1045628.8046875,6293.83198371803
242,Kinderhook,Kinderhook,Columbia,2390921,360213957339562,104401,1293,1275,1211,1170,,,1,2.03980913982274,1/22/2018 12:00:00 AM,9697474.96875,15076.5505022483
243,Kings Point,North Hempstead,Nassau,2390922,360595300039694,282217,4843,5076,5005,5619,,,2,4.03900267467062,,18292174.1640625,29024.7819516926
244,Kiryas Joel,Palm Tree,Orange,2390923,360715618539853,336001,7437,13138,20175,32954,<Null>,,2,1.48232233110297,2/10/2020 12:00:00 AM,6821391.25,15217.9850893411
245,Lacona,Sandy Creek,Oswego,2390924,360756507940200,355201,593,590,582,657,,,2,1.11502446999252,3/12/2018 12:00:00 AM,5520009.67578125,11160.4008565243
246,Lake George,Lake George,Warren,2390925,361134051940508,522201,933,985,906,1008,,,1,0.723273877163719,12/3/2018 12:00:00 AM,3554750.5859375,8937.81580600073
247,Lake Grove,Brookhaven,Suffolk,2390926,361031000040530,472217,9612,10250,11163,11072,,,1,2.93723838338535,,13314322.5976563,19999.1458017505
248,Lake Placid,North Elba,Essex,2390927,360315193540761,154001,2485,2638,2521,2205,,,1,1.5249227080094,8/18/2021 12:00:00 AM,7712702.79296875,19541.3475097837
249,Lake Success,North Hempstead,Nassau,2390928,360595300040937,282219,2484,2797,2934,2828,,,3,1.88557794853953,,8526961.27734375,18686.4542044253
250,Lakewood,Busti,Chautauqua,2390929,360131145141069,062201,3564,3258,3002,3002,,,1,1.9715194903496,12/7/2017 12:00:00 AM,9259675.06640625,13958.3229320814
251,Lancaster,Lancaster,Erie,2390930,360294114641135,145203,11940,11188,10352,10027,,,2,2.75233003676,7/15/2020 12:00:00 AM,13272350.375,15583.8884395677
252,Lansing,Lansing,Tompkins,2390931,361094123441223,503201,3281,3417,3529,3648,,,1,4.54478664208923,11/28/2018 12:00:00 AM,21669940.1328125,27444.2688160778
253,Larchmont,Mamaroneck,Westchester,2390932,361194484241333,553201,6181,6485,5864,6630,,,1,1.0991192554382,,4994052.7734375,14325.4338358314
254,Lattingtown,Oyster Bay,Nassau,2390933,360595600041432,282411,1859,1860,1739,1881,,,2,3.79901088638283,,17242814.9570313,22752.6652544563
255,Laurel Hollow,Oyster Bay,Nassau,2390934,360595600041487,282413,1748,1930,1952,1940,,,3,2.9880069581328,,13545744.953125,23690.5846184827
256,Laurens,Laurens,Otsego,2390935,360774153141520,363401,293,277,263,185,,,1,0.12793300742542,2/13/2018 12:00:00 AM,611020.87109375,4117.98343948825
257,Lawrence,Hempstead,Nassau,2390936,360593400041553,282023,6513,6522,6483,6809,,,1,4.62750668816842,,20824530.8398438,19627.3387469751
258,Leicester,Leicester,Livingston,2390938,360514188341872,243001,405,469,468,440,,,1,0.362205614657465,1/25/2018 12:00:00 AM,1740811.21875,7103.86954836946
259,LeRoy,LeRoy,Genesee,2390937,360374203742026,183601,4974,4462,4391,4300,,,1,2.66569964558817,3/6/2019 12:00:00 AM,12896453.3632813,21785.1090541874
260,Lewiston,Lewiston,Niagara,2390939,360634215842147,292401,3048,2781,2701,2531,,,1,1.21934250806075,2/2/2018 12:00:00 AM,5929233.49609375,9888.76652751543
261,Liberty,Liberty,Sullivan,2390940,361054223542224,483601,4128,3975,4392,4700,10-2013,12/17/2013 12:00:00 AM,1,2.59485061677917,8/18/2021 12:00:00 AM,12110648.8164063,44462.1745256711
262,Lima,Lima,Livingston,2390941,360514233442323,243201,2165,2459,2139,2094,,,1,1.35184337428064,1/25/2018 12:00:00 AM,6527319.41796875,11929.5790340951
263,Lindenhurst,Babylon,Suffolk,2390943,361030400042554,472005,26879,27819,27253,27148,,,1,3.74382139013544,,16885950.1210938,20048.079497948
264,Lisle,Lisle,Broome,2390944,360074265342642,033601,361,302,320,348,,,1,0.848800428477323,9/1/2017 12:00:00 AM,4029950.734375,10469.801584182
265,Little Valley,Little Valley,Cattaraugus,2390945,360094284042829,045401,1188,1130,1143,1058,,,1,1.00932875643564,,4766206.171875,9657.51098152701
266,Liverpool,Salina,Onondaga,2390946,360676481542884,314801,2624,2505,2347,2242,,,1,0.754676832910917,3/21/2018 12:00:00 AM,3670730.80859375,10712.5247384045
267,Livonia,Livonia,Livingston,2390947,360514296142950,243401,1434,1373,1409,1472,,,1,1.01428738326572,1/25/2018 12:00:00 AM,4883827.4921875,9619.15001396631
268,Lloyd Harbor,Huntington,Suffolk,2390948,361033700043005,472605,3343,3675,3660,3571,,,2,10.5116135569765,,47737537.2890625,31944.909622482
269,Lodi,Lodi,Seneca,2390949,360994322543214,452601,364,338,291,254,,,1,0.534456157649952,11/13/2018 12:00:00 AM,2557919.62109375,10053.9591939098
270,Lowville,Lowville,Lewis,2390950,360494373143720,233601,3632,3476,3470,3272,<Null>,,1,1.89731954610858,11/7/2018 12:00:00 AM,9438798.5078125,16924.8069044001
271,Lynbrook,Hempstead,Nassau,2390951,360593400043874,282025,19208,19911,19427,20438,,,3,1.99756243424035,,9003594.98046875,16904.7360978191
272,Lyndonville,Yates,Orleans,2390952,360738344843918,343801,953,862,838,771,,,1,1.07608326913906,2/9/2018 12:00:00 AM,5262442.83203125,10366.0007339633
273,Lyons Falls,"Lyonsdale, West Turin",Lewis,2390954,360498109444006,233803,698,591,566,570,,,1,1.01083739907277,11/7/2018 12:00:00 AM,5000614.859375,12477.4289856993
274,Madison,Madison,Madison,2390956,360534443544424,254001,316,315,305,311,,,1,0.479261427416835,3/8/2018 12:00:00 AM,2315901.08203125,6106.82819788268
275,Malone,Malone,Franklin,2390957,360334472144710,164801,6777,6075,5911,5483,,,1,3.12814894734808,7/24/2018 12:00:00 AM,16131125.5585938,25010.8328662591
276,Malverne,Hempstead,Nassau,2390958,360593400044787,282027,9054,8934,8514,8560,,,2,1.06248156559269,,4791284.11328125,11600.0230951675
277,Mamaroneck,"Mamaroneck, Rye",Westchester,2390959,361194484244831,553203,17325,18752,18929,20151,,,2,3.59646176409718,12/27/2005 12:00:00 AM,16351659.1796875,20236.1310216487
278,Manchester,Manchester,Ontario,2390960,360694486444853,323601,1598,1475,1709,1640,<Null>,,1,1.14212693009114,2/8/2018 12:00:00 AM,5527290.72265625,14438.4220720289
279,Manlius,Manlius,Onondaga,2390961,360674502945018,313803,4764,4819,4704,4662,2-2003,9/17/2003 12:00:00 AM,1,1.82192762343949,3/21/2018 12:00:00 AM,8832451.25390625,34638.7617657431
280,Mannsville,Ellisburg,Jefferson,2390962,360452408645073,223403,444,400,354,297,,,1,0.929736375548591,11/1/2018 12:00:00 AM,4613751.27734375,8653.26791683794
281,Manorhaven,North Hempstead,Nassau,2390963,360595300045106,282221,5672,6138,6556,6956,,,2,0.630604052067718,,2857813.875,7643.97702416408
282,Marathon,Marathon,Cortland,2390964,360234540345392,113401,1107,1063,919,892,,,1,1.12681332414316,7/18/2018 12:00:00 AM,5365956.53125,11699.6354824755
283,Marcellus,Marcellus,Onondaga,2390965,360674549145480,314001,1840,1826,1813,1745,,,1,0.637468347233201,3/21/2018 12:00:00 AM,3088173.79296875,11223.2273240285
284,Margaretville,Middletown,Delaware,2390966,360254703145557,124603,639,643,596,514,,,1,0.694405376896588,10/5/2018 12:00:00 AM,3276352.65625,9183.0568083363
285,Massapequa Park,Oyster Bay,Nassau,2390968,360595600045997,282417,18044,17499,17008,17109,,,1,2.20426335615323,,9941197.24609375,20650.5195966868
286,Massena,"Louisville, Massena, Norfolk",St Lawrence,2390969,360894603046019,405201,11719,11209,10936,10151,<Null>,,1,4.71282137978121,11/14/2018 12:00:00 AM,24372140.8164063,27626.1250204948
287,Matinecock,Oyster Bay,Nassau,2390970,360595600046107,282421,872,836,810,847,,,3,2.66191808069273,,12071541.9804688,16165.4179153652
288,Maybrook,"Hamptonburgh, Montgomery",Orange,2390971,360714815346162,333401,2802,3084,2958,3150,,,1,1.28964790133226,7/15/2020 12:00:00 AM,5961538.125,16672.0765355298
289,Mayfield,Mayfield,Fulton,2390972,360354621746206,173001,817,800,832,780,1-2010,12/3/2010 12:00:00 AM,1,1.18307294813702,10/1/2018 12:00:00 AM,5754689.7890625,10708.529787764
290,Mayville,Chautauqua,Chautauqua,2390973,360131406946239,062801,1636,1756,1711,1442,,,1,2.35738002180191,12/7/2017 12:00:00 AM,11122569.03125,18177.9506099946
291,McGraw,Cortlandville,Cortland,2390974,360231842144193,112203,1074,1000,1053,972,,,1,0.979810804295274,7/18/2018 12:00:00 AM,4688141.09765625,8661.81908004133
292,Medina,"Ridgeway, Shelby",Orleans,2390975,360736174246415,343401,6686,6415,6065,6047,<Null>,,1,3.39964370964062,7/15/2020 12:00:00 AM,16569792.4101563,21568.9470966796
293,Menands,Colonie,Albany,2390976,360011734346536,012603,4333,3910,3990,4554,,,1,3.2707509163234,7/29/2022 12:00:00 AM,15697038.1953125,21414.0764143961
294,Meridian,Cato,Cayuga,2390977,360111296946646,052401,351,350,309,287,,,1,0.678589976884014,2/21/2018 12:00:00 AM,3306241.38671875,7315.40431302962
295,Mexico,Mexico,Oswego,2390978,360754682246811,353401,1555,1572,1624,1531,,,1,2.15235095064865,3/12/2018 12:00:00 AM,10592265.2890625,13024.1658615131
296,Middleburgh,Middleburgh,Schoharie,2390979,360954685546866,433801,1436,1398,1500,1131,<Null>,,1,1.20751978121013,11/21/2017 12:00:00 AM,5779059.03125,14081.441089231
297,Middleport,"Hartland, Royalton",Niagara,2390980,360636403446998,292201,1876,1917,1840,1729,,,1,0.852169818655284,2/2/2018 12:00:00 AM,4151981.37890625,10055.3418713996
298,Middleville,"Fairfield, Newport",Herkimer,2390981,360432493347108,212401,624,550,512,407,,,1,0.816866670174604,6/28/2017 12:00:00 AM,3978297.4375,8113.27343881704
299,Milford,Milford,Otsego,2390982,360774724047229,364001,462,511,415,367,,,1,0.426370703426843,2/13/2018 12:00:00 AM,2040258.76953125,5918.41184747795
300,Mill Neck,Oyster Bay,Nassau,2390983,360595600047405,282425,977,825,997,1054,,,1,2.77878613224266,,12608763.6054688,19115.0697163803
301,Millbrook,Washington,Dutchess,2390984,360277838847273,135801,1339,1429,1452,1455,,,1,1.92518575091118,8/12/2010 12:00:00 AM,8979285.96875,16171.2746774747
302,Millerton,Northeast,Dutchess,2390985,360275189147361,133801,884,925,958,903,1-2017,9/27/2017 12:00:00 AM,1,0.61887733558149,1/3/2018 12:00:00 AM,2901478.02734375,10553.7345531444
303,Millport,Veteran,Chemung,2390986,360157731047427,074001,342,297,312,301,,,1,0.363823184669317,10/2/2018 12:00:00 AM,1722282.9140625,9238.85994127896
304,Mineola,"Hempstead, North Hempstead",Nassau,2390987,360595300047636,282039,18994,19234,18799,20800,,,2,1.86530696218602,7/27/2021 12:00:00 AM,8429695.23828125,14046.066573684
305,Minoa,Manlius,Onondaga,2390988,360674502947757,313805,3745,3348,3449,3657,5-2013,6/19/2013 12:00:00 AM,1,1.31934807575003,3/21/2018 12:00:00 AM,6411045.51171875,17286.9850349696
306,Mohawk,German Flatts,Herkimer,2390989,360432875047823,212803,2986,2660,2731,2415,,,2,0.932672688694247,7/15/2020 12:00:00 AM,4523523.640625,10460.9986931001
307,Monroe,Monroe,Orange,2390990,360714799947988,334001,6672,7780,8364,9343,5-2018,5/8/2018 12:00:00 AM,1,3.5268140356964,7/15/2020 12:00:00 AM,16219462.0390625,27257.8853947699
308,Montebello,Ramapo,Rockland,2390991,360876051048090,392617,2950,3688,4526,4507,,,2,4.31887765302837,7/15/2020 12:00:00 AM,19748475.8320313,26264.6524582927
309,Montgomery,Montgomery,Orange,2390992,360714815348142,334203,2696,3636,3814,3834,,,1,1.45499711423189,10/25/2017 12:00:00 AM,6732862.59375,17800.884758533
310,Monticello,Thompson,Sullivan,2390993,361057362748175,484601,6597,6512,6726,7173,<Null>,,1,4.08840274362616,8/18/2021 12:00:00 AM,18996310.9492188,55580.4231057886
311,Montour Falls,"Dix, Montour",Schuyler,2390994,360974818648197,442403,1845,1797,1711,1635,,,1,2.85290062784773,11/9/2018 12:00:00 AM,13539963.3046875,18202.4156122672
312,Moravia,Moravia,Cayuga,2390995,360114830748296,054201,1559,1363,1282,1224,,,1,1.72446777984281,2/21/2018 12:00:00 AM,8281106.40625,15155.6099240106
313,Morris,Morris,Otsego,2390996,360774849448483,364201,642,591,583,486,,,1,0.753888475067838,2/13/2018 12:00:00 AM,3602526.10546875,7711.34537028736
314,Morrisville,Eaton,Madison,2390998,360532330548593,252601,2732,2148,2199,1633,8-2016,8/13/2016 12:00:00 AM,1,1.02206215318852,3/8/2018 12:00:00 AM,4938866.859375,8880.55024416906
315,Mount Kisco,Mount Kisco,Westchester,2390999,361194889548890,555601,9108,9983,10877,10959,,,1,3.08522104119409,,14135483.9179688,22369.6582240666
316,Mount Morris,Mount Morris,Livingston,2391000,360514895648945,243601,3102,3266,2986,2898,,,1,2.04142727296402,1/25/2018 12:00:00 AM,9796741.3359375,15249.3535066733
317,Munnsville,Stockbridge,Madison,2391001,360537139949220,254601,438,437,474,454,,,1,0.872232709326749,3/8/2018 12:00:00 AM,4225495.828125,8503.05534971101
318,Munsey Park,North Hempstead,Nassau,2391002,360595300049231,282225,2692,2632,2693,2809,,,1,0.504502718719934,8/23/2021 12:00:00 AM,2283513.796875,8014.13843320992
319,Muttontown,Oyster Bay,Nassau,2391003,360595600049330,282429,3024,3412,3497,3512,,,1,6.05861603751382,,27443070.0820313,27095.0573191459
320,Naples,Naples,Ontario,2391004,360694944049429,323801,1237,1072,1041,931,,,1,0.965324042512331,2/8/2018 12:00:00 AM,4618746.5078125,11771.3332116496
321,Nassau,Nassau,Rensselaer,2391005,360834951749506,383001,1254,1161,1133,1103,,,1,0.690010380783455,11/10/2017 12:00:00 AM,3292697.83984375,9750.13014967156
322,Nelliston,Palatine,Montgomery,2391006,360575609949748,273401,569,622,596,555,,,2,1.09297128046107,2/1/2018 12:00:00 AM,5287322.11328125,11122.5155054321
323,Nelsonville,Philipstown,Putnam,2391007,360795758449781,372603,585,565,628,624,,,1,1.04712867411794,11/8/2018 12:00:00 AM,4831357.68359375,8833.21286853008
324,New Berlin,New Berlin,Chenango,2391008,360174995749946,083801,1220,1129,1028,901,,,1,1.07293880798975,10/2/2018 12:00:00 AM,5139479.5859375,10492.4714963353
325,New Hartford,New Hartford,Oneida,2391009,360655030950298,304801,2111,1886,1847,1859,,,1,0.624799620519652,6/28/2017 12:00:00 AM,3036203.68359375,8623.1813875325
326,New Hempstead,Ramapo,Rockland,2391010,360876051050353,392613,4200,4767,5132,5463,,,1,2.84711448777208,8/23/2021 12:00:00 AM,13025210.5429688,28641.0894997227
327,New Hyde Park,"Hempstead, North Hempstead",Nassau,2391011,360595300050397,282041,9728,9523,9712,10257,,,2,0.839475586481955,7/28/2021 12:00:00 AM,3792169.10546875,9392.92723433885
328,New Paltz,New Paltz,Ulster,2391012,361115056250551,513801,5463,6034,6818,7324,,,1,1.74574443668985,10/9/2018 12:00:00 AM,8134750.15625,25824.8125700231
329,New Square,Ramapo,Rockland,2391013,360876051050705,392602,2605,4624,6944,9679,,,2,0.363574325845818,12/6/2018 12:00:00 AM,1662904.01171875,6623.06712072687
330,New York Mills,"New Hartford, Whitestown",Oneida,2391014,360655030951011,304803,3534,3191,3327,3244,,,1,1.14332043526272,7/15/2020 12:00:00 AM,5561286.0078125,16656.1821151159
331,Newark,Arcadia,Wayne,2391015,361170244049891,542001,9849,9682,9145,9017,1-2002,3/1/2002 12:00:00 AM,1,5.40827413116634,7/15/2020 12:00:00 AM,26238120.65625,39363.0027736127
332,Newark Valley,Newark Valley,Tioga,2391016,361074991349902,492601,1082,1071,997,928,,,1,0.989799728927659,4/7/2017 12:00:00 AM,4680424.58203125,10535.3861088295
333,Newport,Newport,Herkimer,2391017,360435058450573,213803,676,640,640,543,,,1,0.587906907228487,6/28/2017 12:00:00 AM,2867645.3515625,7169.25031472746
334,Nichols,Nichols,Tioga,2391018,361075112151110,492801,573,574,512,457,,,1,0.5846452598381,4/7/2017 12:00:00 AM,2746890.578125,7569.59035385317
335,Nissequogue,Smithtown,Suffolk,2391019,361036800051286,473403,1620,1543,1749,1564,,,1,5.6921026949591,8/23/2021 12:00:00 AM,25839110.546875,28418.331030622
336,North Collins,North Collins,Erie,2391021,360295180351792,145801,1335,1079,1232,1247,,,1,0.786096102776365,11/20/2017 12:00:00 AM,3752413.53125,8016.89850032507
337,North Haven,Southampton,Suffolk,2391022,361036847352188,473601,713,743,833,1162,,,1,3.66859559272268,,16701623.2304688,17402.6779577078
338,North Hills,North Hempstead,Nassau,2391023,360595300053022,282229,3453,4301,5075,5464,,,1,2.76997326331322,8/23/2021 12:00:00 AM,12529316.0078125,23727.2946145979
339,North Hornell,Hornellsville,Steuben,2391024,361013568353055,465205,822,851,778,732,,,1,0.532095992403511,2/28/2018 12:00:00 AM,2523434.34375,10355.7848403668
340,North Syracuse,"Cicero, Clay",Onondaga,2391025,360671606753660,312201,7363,6862,6800,6739,,,1,1.9865630804073,3/21/2018 12:00:00 AM,9671503.9375,15145.6455497129
341,Northport,Huntington,Suffolk,2391026,361033700053396,472607,7572,7606,7401,7347,,,1,2.50539124998359,,11373958.609375,14349.9116099171
342,Northville,Northampton,Fulton,2391027,360355140753770,173201,1180,1139,1099,993,,,1,1.40390848989721,10/1/2018 12:00:00 AM,6855599.421875,12704.140220115
343,Norwood,"Norfolk, Potsdam",St Lawrence,2391028,360895957554012,406201,1841,1685,1657,1552,,,1,2.23992332490901,11/14/2018 12:00:00 AM,11511641.4921875,15909.6018490703
344,Nunda,Nunda,Livingston,2391029,360515408954078,244001,1347,1330,1377,1169,,,1,0.975284702526119,1/25/2018 12:00:00 AM,4658620.8515625,12078.9894328173
345,Nyack,"Clarkstown, Orangetown",Rockland,2391030,360875521154100,392005,6558,6737,6765,7265,,,1,0.769499486412293,12/6/2018 12:00:00 AM,3514373.46484375,11631.622579464
346,Oakfield,Oakfield,Genesee,2391031,360375416654155,183801,1818,1805,1813,1812,,,1,0.655934256618738,12/20/2017 12:00:00 AM,3181366.19140625,7471.23151600798
347,Ocean Beach,Islip,Suffolk,2391032,361033800054430,472803,131,138,79,153,,,1,0.138445232711804,8/25/2021 12:00:00 AM,623620.3671875,3447.36046589018
348,Odessa,"Catharine, Montour",Schuyler,2391033,360971291454452,442001,986,617,591,517,,,1,1.19458464531575,11/9/2018 12:00:00 AM,5667035,10422.0424449686
349,Old Brookville,Oyster Bay,Nassau,2391034,360595600054562,282415,1823,2167,2134,2020,,,1,3.94747820762211,8/25/2021 12:00:00 AM,17885190.6640625,21062.9119803556
350,Old Field,Brookhaven,Suffolk,2391035,361031000054617,472205,765,947,918,893,,,1,2.14377110355555,,9747661.96875,25247.1896929329
351,Old Westbury,"North Hempstead, Oyster Bay",Nassau,2391036,360595300054705,282231,3897,4228,4671,4289,,,1,8.49434118858178,8/25/2021 12:00:00 AM,38432080.34375,30635.9042178262
352,Oneida Castle,Vernon,Oneida,2391037,360657712354848,306001,671,627,625,586,,,1,0.541217639698698,6/28/2017 12:00:00 AM,2630755.21484375,9001.39555109262
353,Orchard Park,Orchard Park,Erie,2391038,360295527755266,146001,3280,3294,3246,3108,,,1,1.35244545691854,11/20/2017 12:00:00 AM,6492292.1796875,17548.1995493817
354,Oriskany,Whitestown,Oneida,2391039,360658175455365,307001,1450,1459,1400,1315,,,1,0.75421007552367,8/25/2021 12:00:00 AM,3675253.53125,11184.1897149158
355,Oriskany Falls,Augusta,Oneida,2391040,360650315555376,302201,795,698,732,658,,,1,0.511220537289584,6/28/2017 12:00:00 AM,2473560.09765625,6344.00413578116
356,Ossining,Ossining,Westchester,2391041,361195554155530,554203,22582,24010,25060,27551,,,2,3.18231081361726,,14564624.1953125,28767.3818076063
357,Otego,Otego,Otsego,2391042,360775562955618,364801,1068,1052,1010,875,,,1,1.13167769400891,2/13/2018 12:00:00 AM,5381324.75,13107.4523873147
358,Otisville,Mount Hope,Orange,2391043,360714885755673,334401,1078,989,1068,969,1-2009,3/25/2009 12:00:00 AM,1,0.681178020383702,10/25/2017 12:00:00 AM,3147464.5546875,11400.775983451
359,Ovid,"Ovid, Romulus",Seneca,2391044,360995582755816,452801,660,612,602,534,,,1,0.413663719510323,11/13/2018 12:00:00 AM,1983723.765625,6141.31886391644
360,Owego,Owego,Tioga,2391045,361075589355882,493001,4442,3911,3896,3654,,,1,2.75761485028589,4/7/2017 12:00:00 AM,12990975.4609375,17023.6111038605
361,Oxford,Oxford,Chenango,2391046,360175595955948,084601,1738,1584,1450,1330,,,1,1.72874735771339,10/2/2018 12:00:00 AM,8232505.484375,11480.5320678831
362,Oyster Bay Cove,Oyster Bay,Nassau,2391047,360595600056011,282419,2109,2262,2197,2265,,,1,4.2122388594263,,19097387.3632813,26922.8029424459
363,Painted Post,Erwin,Steuben,2391048,361012464756088,464201,1950,1842,1809,1768,,,1,1.36248874665806,8/25/2021 12:00:00 AM,6427502.80859375,14588.9379195358
364,Palatine Bridge,Palatine,Montgomery,2391049,360575609956110,273403,520,706,737,796,1-2001,11/30/2001 12:00:00 AM,2,1.02264253712438,7/15/2020 12:00:00 AM,4944355.1953125,12434.3209232843
365,Palmyra,Palmyra,Wayne,2391050,361175619856187,543601,3566,3490,3536,3305,1-2001,5/16/2001 12:00:00 AM,1,1.36365655923089,7/26/2018 12:00:00 AM,6619188.734375,15568.4614378829
366,Panama,Harmony,Chautauqua,2391051,360133224856231,064801,468,491,479,475,,,1,2.21776100696255,12/7/2017 12:00:00 AM,10405407.46875,12935.3867708509
367,Parish,Parish,Oswego,2391052,360755635256341,354601,473,512,450,447,,,1,1.57107477584628,3/12/2018 12:00:00 AM,7716905.1484375,16923.6464928542
368,Patchogue,Brookhaven,Suffolk,2391053,361031000056660,472207,11060,11919,11798,12408,,,1,2.57594763879104,8/25/2021 12:00:00 AM,11642132.8320313,16861.0107404677
369,Pawling,Pawling,Dutchess,2391054,360275682556814,134001,1974,2233,2347,1995,,,1,1.96620825540735,8/12/2010 12:00:00 AM,9107996.1328125,12049.006199953
370,Pelham,Pelham,Westchester,2391055,361195701257001,554403,6413,6400,6910,7326,,,2,0.828559509521223,10/12/2021 12:00:00 AM,3763225.99609375,9986.63964988885
371,Pelham Manor,Pelham,Westchester,2391056,361195701257023,554405,5443,5466,5486,5752,,,1,1.38124480192071,8/27/2021 12:00:00 AM,6269959.76171875,12148.1078945213
372,Penn Yan,"Benton, Jerusalem, Milo",Yates,2391057,361234750457177,572201,5248,5219,5159,5056,11-2017,8/28/2017 12:00:00 AM,1,2.35906928932379,10/1/2018 12:00:00 AM,11306030.6835938,30928.9043604233
373,Perry,"Castile, Perry",Wyoming,2391058,361215725457243,562603,4219,3945,3673,3536,,,1,2.49289064083101,8/27/2021 12:00:00 AM,11959322.171875,17728.547134866
374,Phelps,Phelps,Ontario,2391060,360695752957518,324001,1978,1969,1989,1851,,,1,1.15618835766713,2/8/2018 12:00:00 AM,5594175.7109375,13183.7935776046
375,Philadelphia,Philadelphia,Jefferson,2391061,360455756257551,225001,1478,1519,1252,1098,,,1,0.955922965999674,8/27/2021 12:00:00 AM,4814096.84765625,10583.2700720232
376,Philmont,Claverack,Columbia,2391062,360211604557639,102801,1623,1480,1379,1377,,,1,1.23914889552781,1/22/2018 12:00:00 AM,5863677.62890625,9615.80898446305
377,Phoenix,Schroeppel,Oswego,2391063,360756561857661,355401,2435,2251,2382,2226,,,1,1.27935118249075,3/12/2018 12:00:00 AM,6247908.49609375,12728.6007040369
378,Piermont,Orangetown,Rockland,2391064,360875521157749,392405,2163,2607,2510,2517,,,2,1.11571094075392,12/6/2018 12:00:00 AM,5087557.9921875,11595.2694553138
379,Pittsford,Pittsford,Monroe,2391066,360555836558354,264601,1488,1418,1355,1419,,,1,0.722564567130752,5/8/2017 12:00:00 AM,3509888.0859375,8849.99820739368
380,Plandome,North Hempstead,Nassau,2391067,360595300058475,282233,1347,1272,1349,1448,,,3,0.499735306741867,9/16/2021 12:00:00 AM,2262513.22265625,7573.19382178001
381,Plandome Heights,North Hempstead,Nassau,2391068,360595300058486,282235,852,971,1005,1009,,,1,0.18612547661716,,842554.4140625,4852.92828413723
382,Plandome Manor,North Hempstead,Nassau,2391069,360595300058497,282237,790,838,872,793,,,1,0.62567430438291,9/16/2021 12:00:00 AM,2833346.8984375,10145.3800117565
383,Pleasantville,Mount Pleasant,Westchester,2391070,361194901158728,553403,6592,7172,7019,7513,,,1,1.79508907315248,,8208779.9609375,19929.2123915186
384,Poland,"Newport, Russia",Herkimer,2391071,360436425458937,213805,444,451,508,464,,,1,0.564564161417905,6/28/2017 12:00:00 AM,2757369.90625,8703.69242443275
385,Pomona,"Haverstraw, Ramapo",Rockland,2391072,360873276558992,392205,2611,2726,3103,3824,,,2,2.33661221071986,7/15/2020 12:00:00 AM,10702849.09375,22814.9919137855
386,Poquott,Brookhaven,Suffolk,2391073,361031000059157,472209,770,975,953,903,,,2,0.588814120926583,,2676581.12109375,7333.47239925729
387,Port Byron,Mentz,Cayuga,2391074,360114660259212,053801,1359,1297,1290,1101,,,1,0.922312156550165,2/21/2018 12:00:00 AM,4475124.96484375,8496.78205771908
388,Port Chester,Rye,Westchester,2391075,361196432059223,554801,24728,27867,28967,31693,,,1,2.43364429479582,7/15/2020 12:00:00 AM,11083682.421875,15171.1404118292
389,Port Dickinson,Dickinson,Broome,2391076,360072058859245,033001,1785,1697,1641,1699,,,1,0.631846570797364,9/1/2017 12:00:00 AM,2979994.421875,9030.2507957474
390,Port Jefferson,Brookhaven,Suffolk,2391078,361031000059355,472213,7455,7837,7750,7962,,,1,3.08500543377368,,14020700.703125,22041.5561288415
391,Port Leyden,"Leyden, Lyonsdale",Lewis,2391079,360494221359454,233401,723,665,672,554,,,1,0.704586418364135,11/7/2018 12:00:00 AM,3481800.64453125,7873.01563062128
392,Port Washington North,North Hempstead,Nassau,2391080,360595300059531,282239,2736,2700,3154,3160,,,3,0.502547064177948,,2277730.62109375,8183.01019607576
393,Portville,Portville,Cattaraugus,2391081,360095950959498,047401,1040,1024,1014,892,,,1,0.779473275019297,,3658386.58984375,9377.67375923713
394,Potsdam,Potsdam,St Lawrence,2391082,360895957559564,407403,10251,9425,9428,8312,7-2014,12/9/2014 12:00:00 AM,1,5.43283321389379,11/14/2018 12:00:00 AM,27845978.1875,41097.3421225176
395,Pulaski,Richland,Oswego,2391084,360756153359960,355001,2525,2398,2365,2186,3-2013,7/15/2013 12:00:00 AM,1,3.62287878687603,3/12/2018 12:00:00 AM,17888683.359375,20743.0033995773
396,Quogue,Southampton,Suffolk,2391085,361036847360422,473603,898,1018,967,1662,,,1,5.06374840009598,,22919371.8710938,19152.8860890456
397,Ravena,Coeymans,Albany,2391087,360011669460675,012401,3547,3369,3268,3271,<Null>,,1,1.44129762081552,7/29/2022 12:00:00 AM,6870077.72265625,20187.8753035154
398,Red Creek,Wolcott,Wayne,2391088,361178268960829,544801,566,521,532,495,,,1,0.925099048015737,7/26/2018 12:00:00 AM,4519467.98046875,8499.89750481936
399,Red Hook,Red Hook,Dutchess,2391089,360276090560895,134801,1794,1805,1961,1975,,,1,1.06696780931294,8/12/2010 12:00:00 AM,5009696.734375,8987.34739619198
400,Remsen,"Remsen, Trenton",Oneida,2391090,360656112661115,305201,518,531,508,431,,,1,0.366121473602102,6/28/2017 12:00:00 AM,1794136.1640625,5776.69028221857
401,Rensselaer Falls,Canton,St Lawrence,2391091,360891234261159,402203,316,337,332,361,,,1,0.320442799419139,9/16/2021 12:00:00 AM,1637974.57421875,6909.33795765901
402,Rhinebeck,Rhinebeck,Dutchess,2391092,360276135761346,135001,2725,3077,2657,2697,,,1,1.52496865321282,8/12/2010 12:00:00 AM,7145394.92578125,10539.5761501702
403,Richburg,"Bolivar, Wirt",Allegany,2391093,360038262361434,023803,494,448,450,401,,,1,0.960728595530602,10/1/2018 12:00:00 AM,4517401.78515625,9645.90507889767
404,Richfield Springs,Richfield,Otsego,2391094,360776146761489,365601,1565,1255,1264,1050,,,1,0.999127703459816,2/13/2018 12:00:00 AM,4821406.46484375,9041.93437579121
405,Richmondville,Richmondville,Schoharie,2391095,360956159961588,434001,843,786,918,858,,,1,1.79034422241912,11/21/2017 12:00:00 AM,8578501.171875,12484.9489636413
406,Richville,De Kalb,St Lawrence,2391096,360892003861621,403001,311,274,323,234,,,1,0.743395332821935,11/14/2018 12:00:00 AM,3777239.60546875,7906.257433845
407,Riverside,Corning,Steuben,2391097,361011826762061,463801,585,594,497,423,,,2,0.305679951074088,2/28/2018 12:00:00 AM,1441684.83203125,5093.78379610329
408,Rockville Centre,Hempstead,Nassau,2391098,360593400063264,282029,24727,24568,24023,26016,,,2,3.31865383963187,,14960817.0898438,22189.7191045021
409,Roslyn,North Hempstead,Nassau,2391100,360595300063770,282241,1965,2570,2770,2988,,,1,0.662451933496817,9/17/2021 12:00:00 AM,2998432.53125,9879.22183153633
410,Roslyn Estates,North Hempstead,Nassau,2391101,360595300063792,282243,1184,1210,1251,1318,,,3,0.422761956063352,9/17/2021 12:00:00 AM,1913220.4375,6045.84216533257
411,Roslyn Harbor,"North Hempstead, Oyster Bay",Nassau,2391102,360595300063803,282245,1114,1023,1051,1067,,,3,1.18632129341648,9/17/2021 12:00:00 AM,5372265.9921875,13668.0193198268
412,Round Lake,Malta,Saratoga,2391103,360914474363957,414001,765,604,623,828,,,1,1.13768383710964,11/10/2017 12:00:00 AM,5503462.6328125,10560.478165847
413,Rouses Point,Champlain,Clinton,2391104,360191375063979,092803,2377,2277,2209,2195,,,1,2.75032125624758,12/7/2018 12:00:00 AM,14248552.6289063,22664.1051373159
414,Rushville,"Gorham, Potter","Ontario, Yates",2391105,360692953164199,323201,609,621,677,651,,,1,0.672005267222812,2/8/2018 12:00:00 AM,3230548.95703125,8405.794108442
415,Russell Gardens,North Hempstead,Nassau,2391106,360595300064232,282247,1027,1074,945,978,,,1,0.176736869516049,9/17/2021 12:00:00 AM,799553.8359375,4450.12166061423
416,Rye Brook,Rye,Westchester,2391107,361196432064325,554805,7765,8602,9347,10047,,,2,3.48903932018851,10/8/2013 12:00:00 AM,15902641.3867188,29301.8610731079
417,Sackets Harbor,Hounsfield,Jefferson,2391108,360453578264408,223801,1313,1386,1450,1351,,,1,2.29858033321309,9/21/2021 12:00:00 AM,11492604.46875,18645.6338923744
418,Saddle Rock,North Hempstead,Nassau,2391110,360595300064430,282249,832,791,830,989,,,1,0.274909884889537,,1244214.47265625,6928.17173370435
419,Sag Harbor,"East Hampton, Southampton",Suffolk,2391111,361036847364485,472403,2134,2313,2169,2772,,,2,1.77501732968509,,8073801.43359375,21285.0205215832
420,Sagaponack,Southampton,Suffolk,2391112,361036847364452,473615,0,582,313,770,,,1,4.71806127836516,3/13/2009 12:00:00 AM,21418078.1328125,21915.7185774155
421,Saltaire,Islip,Suffolk,2391114,361033800064881,472805,38,43,37,113,,,1,0.310593454407172,,1398756.1875,5070.72802577496
422,Sands Point,North Hempstead,Nassau,2391115,360595300065035,282251,2477,2786,2675,2712,,,1,5.80810724135616,,26333367.6328125,29841.009528271
423,Sandy Creek,Sandy Creek,Oswego,2391116,360756507965068,355203,793,789,771,646,,,1,1.3457003463181,3/12/2018 12:00:00 AM,6661912.94140625,10400.7679533408
424,Saranac Lake,"Harrietstown, North Elba, St Armand","Essex, Franklin",2391117,360333231465233,154003,5377,5041,5406,4887,7-2014,5/29/2014 12:00:00 AM,1,2.98788334360018,9/21/2021 12:00:00 AM,15133646.125,32739.9081506838
425,Saugerties,Saugerties,Ulster,2391118,361116529965288,514801,3915,4955,3971,3899,,,1,2.25024467297979,10/9/2018 12:00:00 AM,10591908.4609375,15351.1444755542
426,Savona,Bath,Steuben,2391119,361010477065354,462403,974,822,827,672,,,1,1.04010039802916,2/28/2018 12:00:00 AM,4924686.52734375,10582.4873430984
427,Scarsdale,Scarsdale,Westchester,2391120,361196544265431,555001,16987,17823,17166,18253,,,2,6.67522213110864,12/27/2005 12:00:00 AM,30389387.9375,30031.8030324219
428,Schaghticoke,Schaghticoke,Rensselaer,2391121,360836548665475,384201,794,676,592,527,,,1,0.9990645544935,11/10/2017 12:00:00 AM,4826507.32421875,9228.68811374942
429,Schoharie,Schoharie,Schoharie,2391122,360956559665585,434201,1045,1030,922,916,,,1,1.6331594308988,11/21/2017 12:00:00 AM,7833253.37109375,13336.2097426274
430,Schuylerville,Saratoga,Saratoga,2391123,360916524465750,415001,1364,1197,1386,1370,,,1,0.589384629162801,,2866030.13671875,8533.32246868528
431,Scotia,Glenville,Schenectady,2391124,360932936665893,422201,7359,7957,7729,7272,,,1,1.77542005557395,11/8/2018 12:00:00 AM,8559972.09765625,19715.5652408896
432,Scottsville,Wheatland,Monroe,2391125,360558140265959,265601,1912,2128,2001,2009,,,1,0.966474739752329,5/8/2017 12:00:00 AM,4683509.04296875,13281.4978058031
433,Sea Cliff,Oyster Bay,Nassau,2391126,360595600066047,282423,5054,5066,4995,5062,,,1,1.10543865531666,,5010225.30859375,9638.85523361031
434,Sharon Springs,Sharon,Schoharie,2391128,360956664166663,434601,543,547,558,483,,,1,1.79562817240537,11/21/2017 12:00:00 AM,8648001.55859375,16185.9670625792
435,Sherburne,Sherburne,Chenango,2391129,360176689466883,085603,1531,1455,1367,1360,,,1,1.51455225320594,10/2/2018 12:00:00 AM,7267861.30859375,10779.9203813441
436,Sherman,Sherman,Chautauqua,2391130,360136696066949,066601,694,714,730,649,,,1,0.826298778143766,9/21/2021 12:00:00 AM,3886562.5625,7778.07266798128
437,Shoreham,Brookhaven,Suffolk,2391131,361031000067191,472211,540,417,531,561,,,1,0.437511267146098,9/21/2021 12:00:00 AM,1988821.52734375,7365.24471131319
438,Shortsville,Manchester,Ontario,2391132,360694486467257,323603,1485,1320,1439,1400,,,2,0.630204875258445,9/21/2021 12:00:00 AM,3048646.015625,11137.3708117316
439,Sidney,Sidney,Delaware,2391133,360256734567334,125001,4720,4068,3900,3697,,,1,2.40857772118068,10/5/2018 12:00:00 AM,11421884.71875,15632.7729182196
440,Silver Creek,Hanover,Chautauqua,2391134,360133205067411,064603,2927,2896,2656,2617,,,1,1.15127522922212,12/7/2017 12:00:00 AM,5484761.7265625,11078.3869009969
441,Silver Springs,Gainesville,Wyoming,2391135,361212798067466,563203,852,844,782,689,,,1,0.997899799775241,9/20/2018 12:00:00 AM,4778197.86328125,10458.0409744149
442,Sinclairville,"Charlotte, Gerry",Chautauqua,2391136,360131386067488,062601,708,665,588,579,,,1,1.62864189644176,12/7/2017 12:00:00 AM,7690054.06640625,12711.3649903661
443,Skaneateles,Skaneateles,Onondaga,2391137,360676752167510,315001,2724,2616,2450,2533,1-2016,3/3/2016 12:00:00 AM,1,1.74131518626447,9/21/2021 12:00:00 AM,8425014.5,15284.005359772
444,Sleepy Hollow,Mount Pleasant,Westchester,2391138,361194901167638,553401,8152,9212,9870,9986,,,2,2.24520248174333,,10253959.7734375,15448.3632000644
445,Sloan,Cheektowaga,Erie,2391139,360291501167686,143001,3830,3775,3661,3775,,,1,0.788784906706983,3/30/2018 12:00:00 AM,3802084.85546875,7965.48579444122
446,Sloatsburg,Ramapo,Rockland,2391140,360876051067708,392603,3035,3117,3039,3036,,,1,2.53682894744472,12/6/2018 12:00:00 AM,11610849.3359375,13724.3437193718
447,Smyrna,Smyrna,Chenango,2391141,360176811068099,086001,211,241,213,197,,,1,0.222065710628723,10/2/2018 12:00:00 AM,1065824.53515625,4523.63345363045
448,Sodus,Sodus,Wayne,2391142,361176822068209,544201,1904,1735,1819,1667,,,1,0.891491179421315,7/26/2018 12:00:00 AM,4352753.67578125,16330.7834221594
449,Sodus Point,Sodus,Wayne,2391143,361176822068242,544203,1190,1160,900,822,,,1,1.50927071202922,7/26/2018 12:00:00 AM,7375761.20703125,24137.7540844047
450,Solvay,Geddes,Onondaga,2391144,360672851968286,313201,6717,6845,6584,6645,,,1,1.61212923125425,3/21/2018 12:00:00 AM,7828802.2265625,17271.665102571
451,South Blooming Grove,Blooming Grove,Orange,2391145,360710700368610,332003,0,0,3234,3973,9-2017,12/18/2017 12:00:00 AM,2,4.79236856126923,1/3/2018 12:00:00 AM,22075418.796875,26758.3267234188
452,South Corning,Corning,Steuben,2391146,361011826768847,463803,1025,1147,1145,1108,,,1,0.619588308317602,2/28/2018 12:00:00 AM,2919594.21484375,7415.77408799844
453,South Dayton,Dayton,Cattaraugus,2391147,360091984068891,043001,601,662,620,541,,,1,1.00337111033773,,4753632.37890625,8722.07206287682
454,South Floral Park,Hempstead,Nassau,2391148,360593400069023,282031,1478,1578,1764,1741,,,2,0.0987144277392382,9/22/2021 12:00:00 AM,445676.48046875,2581.97398598554
455,South Glens Falls,Moreau,Saratoga,2391149,360914831869078,414401,3506,3368,3518,3744,,,1,1.46591898998309,11/10/2017 12:00:00 AM,7173675.3203125,12645.0032657886
456,South Nyack,Orangetown,Rockland,2391150,360875521169441,392407,3352,3473,3510,2699,,,2,0.602539725860544,12/6/2018 12:00:00 AM,2750947.80859375,7529.60874274331
457,Southampton,Southampton,Suffolk,2391151,361036847368462,473605,3980,3965,3109,4550,6-2013,11/29/2013 12:00:00 AM,1,7.59084685567569,6/21/2017 12:00:00 AM,34407597.34375,36544.8065452314
458,Speculator,Lake Pleasant,Hamilton,2391152,360414079470123,203001,400,348,324,406,,,1,47.0553686937541,11/17/2017 12:00:00 AM,232595413.363281,107898.118538535
459,Spencer,Spencer,Tioga,2391153,361077017870167,493401,815,731,759,719,,,1,1.05027960926422,4/7/2017 12:00:00 AM,4964473.9375,9713.46555454278
460,Spencerport,Ogden,Monroe,2391154,360555447470189,263801,3606,3559,3601,3685,6-2017,12/19/2017 12:00:00 AM,1,1.34831781124053,5/8/2017 12:00:00 AM,6568810.578125,18347.6452001092
461,Spring Valley,"Clarkstown, Ramapo",Rockland,2391155,360876051070420,392003,21802,25464,31347,33066,,,2,2.00288676744966,9/22/2021 12:00:00 AM,9153589.3046875,34666.8126888214
462,Springville,Concord,Erie,2391156,360291758570442,143801,4310,4252,4296,4225,7-2016,12/14/2016 12:00:00 AM,1,3.66298173114241,11/20/2017 12:00:00 AM,17443040.8398438,23355.4953399513
463,St Johnsville,St Johnsville,Montgomery,2391157,360576465064639,273801,1825,1685,1732,1643,,,1,0.868739973700278,2/1/2018 12:00:00 AM,4212045.5078125,12912.4867982315
464,Stamford,"Harpersfield, Stamford",Delaware,2391158,360257062970618,123801,1211,1265,1119,1040,,,1,1.22843733295379,10/5/2018 12:00:00 AM,5844344.625,10654.6303458802
465,Stewart Manor,Hempstead,Nassau,2391159,360593400071267,282033,2002,1935,1896,1992,,,3,0.201553365040313,9/22/2021 12:00:00 AM,910148.48828125,4486.9892570641
466,Stillwater,Stillwater,Saratoga,2391160,360917133371322,415201,1531,1644,1738,1754,,,1,1.44416603654524,11/10/2017 12:00:00 AM,6987773.70703125,13274.852941892
467,Suffern,Ramapo,Rockland,2391161,360876051071894,392607,11055,11006,10723,11441,,,1,2.12155832537142,10/4/2019 12:00:00 AM,9696017.18359375,16031.0409301845
468,Sylvan Beach,Vienna,Oneida,2391162,360657748672521,306401,1119,1071,897,890,,,1,0.714325798581126,6/28/2017 12:00:00 AM,3486255.1015625,10722.1639839804
469,Tannersville,Hunter,Greene,2391163,360393617873143,193603,465,448,539,568,,,1,1.14516631042425,5/13/2015 12:00:00 AM,5410687.77734375,14051.8751433973
470,Tarrytown,Greenburgh,Westchester,2391164,361193036773176,552611,10739,11090,11277,11860,,,1,3.31223245469316,,15114483.2109375,20667.3085996456
471,Theresa,Theresa,Jefferson,2391165,360457352873517,225601,889,812,863,752,,,1,1.32412609354313,11/1/2018 12:00:00 AM,6682205.71484375,10531.8502041463
472,Thomaston,North Hempstead,Nassau,2391166,360595300073605,282253,2612,2607,2617,2759,,,2,0.405871124639321,9/17/2021 12:00:00 AM,1836504.17578125,9498.38627870434
473,Tivoli,Red Hook,Dutchess,2391167,360276090574023,134803,1035,1163,1118,1012,,,1,1.54694864427239,8/12/2010 12:00:00 AM,7277689.453125,11340.508678438
474,Trumansburg,Ulysses,Tompkins,2391168,361097599075506,503601,1611,1581,1797,1714,<Null>,,1,1.39562743522922,11/28/2018 12:00:00 AM,6664658.51171875,13383.8917113866
475,Tuckahoe,Eastchester,Westchester,2391169,361192182075583,552403,6302,6211,6486,7084,,,2,0.605311482429296,9/23/2021 12:00:00 AM,2752701.44921875,10240.5178614296
476,Tully,Tully,Onondaga,2391170,360677563875627,315401,911,924,873,904,,,1,0.72610266071134,3/21/2018 12:00:00 AM,3496928.59375,10931.7577040044
477,Tupper Lake,Tupper Lake,Franklin,2391171,360337567675671,162001,4087,3935,3667,3282,3-2004,7/26/2004 12:00:00 AM,1,2.21567311101832,9/23/2021 12:00:00 AM,11188276.96875,34042.4707280174
478,Turin,Turin,Lewis,2391172,360497569375682,235001,295,263,232,197,,,1,1.02073871703477,11/7/2018 12:00:00 AM,5051598.21484375,8811.41085469529
479,Tuxedo Park,Tuxedo,Orange,2391173,360717578175803,335001,706,731,623,645,,,1,3.2166029610289,10/25/2017 12:00:00 AM,14739405.8203125,26434.8554051495
480,Unadilla,Unadilla,Otsego,2391174,360777601276001,366201,1265,1127,1128,1065,,,1,1.07312284269746,2/13/2018 12:00:00 AM,5092237.2421875,10197.4343140042
481,Union Springs,Springport,Cayuga,2391175,360117037676155,055401,1142,1074,1197,1075,,,1,1.76632015230207,2/21/2018 12:00:00 AM,8517343.00390625,15957.0734074764
482,Unionville,Minisink,Orange,2391176,360714771376210,333801,548,536,612,592,1-2000,5/22/2000 12:00:00 AM,1,0.286617196104404,10/4/2019 12:00:00 AM,1317496.84375,6592.31677533782
483,Upper Brookville,Oyster Bay,Nassau,2391177,360595600076331,282427,1453,1801,1698,1786,,,2,4.2683701272576,,19346932.96875,28591.1832178527
484,Upper Nyack,Clarkstown,Rockland,2391178,360871596876386,392001,2084,1863,2063,2015,,,2,1.21816151132029,12/6/2018 12:00:00 AM,5566507.84765625,15160.7879121134
485,Valatie,Kinderhook,Columbia,2391179,360213957376617,104403,1487,1712,1819,1785,,,2,1.18502411418918,1/22/2018 12:00:00 AM,5637002.32421875,11265.2165098853
486,Valley Falls,"Pittstown, Schaghticoke",Rensselaer,2391180,360835839876672,383601,527,491,466,510,,,1,0.480426717695045,11/10/2017 12:00:00 AM,2321059.33203125,6863.92010879335
487,Valley Stream,Hempstead,Nassau,2391182,360593400076705,282035,33946,36368,37511,40634,,,1,3.53567410078785,,15939741.1367188,23987.4638218594
488,Vernon,Vernon,Oneida,2391184,360657712377112,306003,1274,1155,1172,1177,,,1,0.944678068017264,6/28/2017 12:00:00 AM,4591736.63671875,13621.5792238056
489,Victor,Victor,Ontario,2391185,360697738777376,324801,2308,2433,2696,2744,2-2016,11/30/2016 12:00:00 AM,1,1.36376206193137,12/6/2016 12:00:00 AM,6601965.80078125,12220.1173187338
490,Victory,Saratoga,Saratoga,2391186,360916524477431,415003,581,544,605,666,,,2,0.525634158736481,11/10/2017 12:00:00 AM,2555249.3359375,8236.43203809131
491,Village of the Branch,Smithtown,Suffolk,2391187,361036800077519,473405,1669,1895,1807,1735,,,1,0.973978374488563,9/22/2021 12:00:00 AM,4414384.66015625,11203.1267278012
492,Voorheesville,New Scotland,Albany,2391188,360015067277684,013401,3225,2705,2789,2841,,,1,2.1033926590478,7/29/2022 12:00:00 AM,10082681.4609375,15851.7575877859
493,Waddington,Waddington,St Lawrence,2391189,360897773977728,408201,944,923,972,937,,,1,2.40002549606785,11/14/2018 12:00:00 AM,12381582.2148438,15958.9757858554
494,Walden,Montgomery,Orange,2391190,360714815377849,334205,5836,6164,6978,6818,1-2008,6/16/2008 12:00:00 AM,1,2.00878861791738,10/25/2017 12:00:00 AM,9306428.92578125,16096.2510516632
495,Walton,Walton,Delaware,2391191,360257804778036,125601,3326,3070,3088,2885,,,1,1.73554947579073,10/5/2018 12:00:00 AM,8194862.18359375,12732.6154364227
496,Wampsville,Lenox,Madison,2391192,360534190578113,253603,501,561,543,573,,,1,1.03069020999461,3/8/2018 12:00:00 AM,5009287.828125,10271.0640422234
497,Wappingers Falls,"Poughkeepsie, Wappinger",Dutchess,2391193,360277815778168,134601,4605,4929,5522,6103,,,1,1.19278706838134,8/12/2010 12:00:00 AM,5531998.9375,14031.1285459309
498,Warsaw,Warsaw,Wyoming,2391194,361217834478333,564801,3830,3814,3473,3646,,,1,4.15872276798187,9/20/2018 12:00:00 AM,19964542.6289063,18249.8527749882
499,Warwick,Warwick,Orange,2391195,360717836678355,335405,5984,6412,6731,6652,,,1,2.34535990418562,9/22/2021 12:00:00 AM,10765478.34375,30691.1399121574
500,Washingtonville,Blooming Grove,Orange,2391196,360710700378465,332001,4906,5851,5899,5657,,,1,2.57273453672161,10/25/2017 12:00:00 AM,11871438.6289063,18603.2977321512
501,Waterford,Waterford,Saratoga,2391197,360917853178520,415401,2370,2204,1990,2038,,,1,0.36440960667484,11/10/2017 12:00:00 AM,1754491.9375,6201.80302694132
502,Waterloo,"Fayette, Seneca Falls, Waterloo",Seneca,2391198,360997856478553,452201,5116,5111,5171,4810,2-2010,10/29/2010 12:00:00 AM,1,2.16029406431478,1/8/2018 12:00:00 AM,10436114.5703125,19236.4359322363
503,Waterville,"Marshall, Sangerfield",Oneida,2391199,360656513478663,304601,1664,1721,1583,1473,,,1,1.42054865735061,6/28/2017 12:00:00 AM,6871810.34375,10648.6771777462
504,Watkins Glen,"Dix, Reading",Schuyler,2391200,360972067678696,442401,2207,2149,1859,1863,3-2007,9/4/2007 12:00:00 AM,1,2.04823022244337,9/22/2021 12:00:00 AM,9730111.76171875,14274.7608485296
505,Waverly,Barton,Tioga,2391201,361070467178806,492001,4787,4607,4444,4373,,,1,2.24487265221793,7/15/2020 12:00:00 AM,10543404.546875,24478.0930278672
506,Wayland,Wayland,Steuben,2391202,361017886178850,467401,1976,1893,1865,1680,,,1,1.17750288257769,2/28/2018 12:00:00 AM,5623893.1796875,14712.5738991215
507,Webster,Webster,Monroe,2391203,360557897178960,265401,5464,5216,5399,5651,,,1,2.17641734782084,5/8/2017 12:00:00 AM,10615930.515625,24727.6693446799
508,Weedsport,Brutus,Cayuga,2391204,360111029779015,052201,1996,2017,1815,1788,,,1,0.982795628596936,2/21/2018 12:00:00 AM,4770496.5625,9656.93295030327
509,Wellsburg,Ashland,Chemung,2391205,360150278179081,072001,617,631,580,490,,,1,0.598039539161581,4/26/2019 12:00:00 AM,2808633.97265625,9826.82782825306
510,Wellsville,Wellsville,Allegany,2391206,360037910379092,027001,5241,5171,4679,4587,<Null>,,1,2.41464383987302,10/1/2018 12:00:00 AM,11367545.7617188,27930.7666157658
511,Wesley Hills,Ramapo,Rockland,2391207,360876051079174,392611,4305,4848,5628,6116,,,3,3.33483690691723,12/6/2018 12:00:00 AM,15260789.578125,19864.9665059621
512,West Carthage,Champion,Jefferson,2391208,360451371779499,223001,2166,2102,2012,1780,4-2002,11/29/2002 12:00:00 AM,2,1.40001707954881,3/9/2006 12:00:00 AM,7008139.03515625,13477.2325414857
513,West Hampton Dunes,Southampton,Suffolk,2391209,361036847380186,473613,517,11,55,126,,,1,0.339395173096316,,1534255.6875,10827.2441096137
514,West Haverstraw,Haverstraw,Rockland,2391210,360873276580203,392203,9183,10295,10165,10678,,,1,1.53706440879663,12/6/2018 12:00:00 AM,7044000.296875,16147.2017703697
515,West Winfield,Winfield,Herkimer,2391211,360438256881292,215601,871,862,826,733,,,1,0.914769887086052,6/28/2017 12:00:00 AM,4418551.7890625,8144.60523647091
516,Westbury,North Hempstead,Nassau,2391212,360595300079444,282255,13060,14263,15146,15864,,,2,2.30345829402804,,10413525.34375,18074.4789909993
517,Westfield,Westfield,Chautauqua,2391213,360137995079939,067201,3451,3481,3224,2910,,,1,3.79371584813039,12/7/2017 12:00:00 AM,17936554.2148438,18482.4487331187
518,Westhampton Beach,Southampton,Suffolk,2391214,361036847380181,473607,1571,1902,1721,2150,,,2,2.99030965808809,,13529810.0039063,38051.5933559786
519,Whitehall,Whitehall,Washington,2391215,361158163381622,535201,3071,2667,2614,2465,,,1,5.9514806924688,9/6/2018 12:00:00 AM,29370167.8242188,29934.3554005517
520,Whitesboro,Whitestown,Oneida,2391216,360658175481710,307003,4195,3943,3772,3612,,,1,1.07402928160355,7/15/2020 12:00:00 AM,5228227.1484375,11195.4932260733
521,Whitney Point,Triangle,Broome,2391217,360077531981831,034401,1054,965,964,960,,,1,1.14408841676325,9/1/2017 12:00:00 AM,5428768.3671875,9546.9412764307
522,Williamsville,"Amherst, Cheektowaga",Erie,2391218,360290200082084,142201,5583,5573,5300,5423,,,1,1.18868259748965,11/20/2017 12:00:00 AM,5743019.6875,17430.2433081046
523,Williston Park,North Hempstead,Nassau,2391219,360595300082117,282257,7516,7261,7287,7591,,,1,0.605353741600908,7/27/2021 12:00:00 AM,2736714.8359375,7106.12769795483
524,Wilson,Wilson,Niagara,2391220,360638237082359,294201,1307,1213,1264,1247,,,1,0.770774812067952,,3765904.46875,12520.0012795646
525,Windsor,Windsor,Broome,2391221,360078253582524,035001,1051,901,916,907,,,1,1.13434615838065,9/1/2017 12:00:00 AM,5340432.859375,9115.18839629414
526,Wolcott,"Butler, Wolcott",Wayne,2391223,361178268982678,542201,1544,1712,1701,1556,,,1,2.00554307367221,7/26/2018 12:00:00 AM,9789033.5078125,12590.536770244
527,Woodbury,Woodbury,Orange,2391224,360718275582750,335809,0,0,10686,11526,,,1,37.0054684510964,6/19/2019 12:00:00 AM,170225983.664063,64456.6437496634
528,Woodridge,Fallsburg,Sullivan,2391225,361052524182953,482801,783,902,847,747,<Null>,,1,1.76927785401518,9/22/2021 12:00:00 AM,8235873.2265625,25933.6397212278
529,Woodsburgh,Hempstead,Nassau,2391226,360593400082986,282037,1190,831,778,897,,,3,0.418231650318806,8/17/2021 12:00:00 AM,1883065.9453125,7599.95408159514
530,Wurtsboro,Mamakating,Sullivan,2391227,361054480983272,484003,1048,1234,1246,1124,,,1,1.24975131548817,11/21/2018 12:00:00 AM,5793140.71484375,9691.84139249096
531,Wyoming,Middlebury,Wyoming,2391228,361214687783371,563801,478,513,434,377,,,1,0.670962423589109,9/20/2018 12:00:00 AM,3229653.80078125,7279.2288251236
532,Yorkville,Whitestown,Oneida,2391229,360658175484099,307005,2972,2675,2689,2657,,,2,0.678640693718135,7/15/2020 12:00:00 AM,3302283.40625,9409.8204510376
533,Youngstown,Porter,Niagara,2391230,360635926784143,293401,2075,1957,1935,1859,,,1,1.08234198314795,,5276289.6328125,10721.0020326879
