county_name,year,swis_code,muni_name,muni_type,school_code,school_name,print_key,total_av,sale_date,sale_price,arms_length_flag,prop_class_at_sale,prop_class_desc_at_sale,buyer_state,ownership_code,std_date,merged_swis_print,hpi,_merge,adjusted_amt
essex,2013,154003,Saranac Lake,4,164601,Saranac Lake,32.182-1-1.000,700,2013-09-30,65000,Y,311,Residential Vacant Land,NY,,2013-09-30,32.182-1-1.000154003,0.7651092659148181,both,49732.10228446317
essex,2013,152400,Elizabethtown,3,152401,Elizabethtown,55.84-2-3.020,32200,2013-11-08,15000,Y,312,Residential Land Including a Small Improvement,NY,,2013-11-08,55.84-2-3.020152400,0.7651092659148181,both,11476.638988722272
essex,2013,155200,Willsboro,3,155201,Willsboro,21.9-4-6.001,27200,2013-12-07,30000,Y,270,Mobile Home,CT,,2013-12-07,21.9-4-6.001155200,0.7651092659148181,both,22953.277977444544
fulton,2013,173089,Mayfield,0,172201,Broadalbin-Perth,152.-6-10,69800,2013-02-24,45000,Y,210,One Family Year-Round Residence,NY,,2013-02-24,152.-6-10173089,0.763744427934621,both,34368.49925705795
fulton,2013,173089,Mayfield,0,173001,Mayfield,150.-3-5.2,39000,2013-09-03,50500,Y,322,Residential Vacant Land Over 10 Acres,NY,,2013-09-03,150.-3-5.2173089,0.763744427934621,both,38569.093610698365
fulton,2013,172800,Johnstown,3,170500,Gloversville,148.-2-43.2,10900,2013-10-17,150000,Y,721,Sand and Gravel,NY,,2013-10-17,148.-2-43.2172800,0.763744427934621,both,114561.66419019316
fulton,2013,172800,Johnstown,3,173001,Mayfield,134.12-7-3,58900,2013-10-30,67000,Y,210,One Family Year-Round Residence,NY,,2013-10-30,134.12-7-3172800,0.763744427934621,both,51170.87667161961
fulton,2013,173201,Northville,4,173201,Northville,32.6-5-8.111,76200,2013-10-31,122000,Y,260,Seasonal Residences,NY,W,2013-10-31,32.6-5-8.111173201,0.763744427934621,both,93176.82020802377
fulton,2013,172600,Ephratah,3,273803,Oppenheim-Ephratah-St.Johnsvil,145.-1-29,34800,2013-11-29,70000,Y,312,Residential Land Including a Small Improvement,NY,,2013-11-29,145.-1-29172600,0.763744427934621,both,53462.109955423475
fulton,2013,172800,Johnstown,3,172201,Broadalbin-Perth,163.-1-39.2,66200,2013-12-18,87450,Y,210,One Family Year-Round Residence,NY,,2013-12-18,163.-1-39.2172800,0.763744427934621,both,66789.45022288262
fulton,2013,173089,Mayfield,0,173001,Mayfield,119.-4-29,80300,2013-12-23,50000,Y,210,One Family Year-Round Residence,NY,,2013-12-23,119.-4-29173089,0.763744427934621,both,38187.22139673105
fulton,2013,173289,Northampton,0,173201,Northville,32.14-3-13.22,116000,2013-12-29,195000,Y,210,One Family Year-Round Residence,NY,,2013-12-29,32.14-3-13.22173289,0.763744427934621,both,148930.1634472511
hamilton,2019,203089,Lake Pleasant,0,203001,Lake Pleasant,112.019-2-45.300,268400,2019-01-03,259000,Y,311,Residential Vacant Land,NY,W,2019-01-03,112.019-2-45.300203089,0.8802586591348299,both,227986.99271592096
hamilton,2019,202200,Benson,3,173201,Northville,154.020-1-33.200,202800,2019-01-03,205000,Y,210,One Family Year-Round Residence,NY,,2019-01-03,154.020-1-33.200202200,0.8802586591348299,both,180453.02512264013
hamilton,2019,202600,Indian Lake,3,202601,Indian Lake,65.010-1-10.100,15100,2019-01-03,19000,Y,311,Residential Vacant Land,NY,,2019-01-03,65.010-1-10.100202600,0.8802586591348299,both,16724.91452356177
hamilton,2019,202600,Indian Lake,3,202601,Indian Lake,65.008-1-13.111,180700,2019-01-03,220000,Y,311,Residential Vacant Land,NY,W,2019-01-03,65.008-1-13.111202600,0.8802586591348299,both,193656.9050096626
hamilton,2019,203400,Morehouse,3,213803,Poland,124.000-1-25.210,30800,2019-01-04,23800,Y,260,Seasonal Residences,NY,,2019-01-04,124.000-1-25.210203400,0.8802586591348299,both,20950.156087408952
hamilton,2019,202800,Inlet,3,202801,Inlet,59.012-2-26,475000,2019-01-10,532500,Y,210,One Family Year-Round Residence,NY,,2019-01-10,59.012-2-26202800,0.8802586591348299,both,468737.7359892969
hamilton,2019,202200,Benson,3,173201,Northville,153.020-1-6,218000,2019-01-11,250000,Y,210,One Family Year-Round Residence,NY,,2019-01-11,153.020-1-6202200,0.8802586591348299,both,220064.66478370747
hamilton,2019,202600,Indian Lake,3,202601,Indian Lake,46.007-3-16.100,771000,2019-01-11,848000,Y,482,Downtown Row Type (detached),NJ,W,2019-01-11,46.007-3-16.100202600,0.8802586591348299,both,746459.3429463358
hamilton,2019,202800,Inlet,3,202801,Inlet,69.000-1-1.110,344200,2019-01-14,1100000,Y,910,Private Wild and Forest Lands except for Private Hunting and Fishing Clubs,NV,,2019-01-14,69.000-1-1.110202800,0.8802586591348299,both,968284.525048313
hamilton,2019,202600,Indian Lake,3,202601,Indian Lake,65.020-2-6.120,129600,2019-01-16,155000,Y,210,One Family Year-Round Residence,NY,,2019-01-16,65.020-2-6.120202600,0.8802586591348299,both,136440.09216589865
hamilton,2019,202600,Indian Lake,3,202601,Indian Lake,56.017-2-8,99100,2019-01-25,126000,Y,210,One Family Year-Round Residence,NY,,2019-01-25,56.017-2-8202600,0.8802586591348299,both,110912.59105098857
hamilton,2019,203001,Speculator,4,203001,Lake Pleasant,105.000-2-2.211,33000,2019-01-25,30000,Y,311,Residential Vacant Land,NY,,2019-01-25,105.000-2-2.211203001,0.8802586591348299,both,26407.7597740449
hamilton,2019,203600,Wells,3,203601,Wells,130.070-1-60.100,24400,2019-01-28,17500,Y,311,Residential Vacant Land,CT,,2019-01-28,130.070-1-60.100203600,0.8802586591348299,both,15404.526534859524
hamilton,2019,202600,Indian Lake,3,202601,Indian Lake,56.017-1-3.100,240900,2019-01-29,250000,Y,210,One Family Year-Round Residence,NY,,2019-01-29,56.017-1-3.100202600,0.8802586591348299,both,220064.66478370747
hamilton,2019,203001,Speculator,4,203001,Lake Pleasant,113.056-1-7,652000,2019-01-31,610000,Y,210,One Family Year-Round Residence,PA,W,2019-01-31,113.056-1-7203001,0.8802586591348299,both,536957.7820722463
hamilton,2019,202800,Inlet,3,202801,Inlet,59.016-10-39.100,80300,2019-02-04,32000,Y,210,One Family Year-Round Residence,NY,,2019-02-04,59.016-10-39.100202800,0.8802586591348299,both,28168.277092314558
hamilton,2019,202800,Inlet,3,202801,Inlet,59.016-2-12.200,180000,2019-02-05,350000,Y,210,One Family Year-Round Residence,NY,,2019-02-05,59.016-2-12.200202800,0.8802586591348299,both,308090.5306971905
hamilton,2019,202000,Arietta,3,202001,Piseco,127.015-1-8.212,43000,2019-02-07,86000,Y,311,Residential Vacant Land,NY,,2019-02-07,127.015-1-8.212202000,0.8802586591348299,both,75702.24468559537
hamilton,2019,202600,Indian Lake,3,202601,Indian Lake,56.019-2-19,201000,2019-02-08,125000,Y,270,Mobile Home,NY,W,2019-02-08,56.019-2-19202600,0.8802586591348299,both,110032.33239185374
hamilton,2019,202600,Indian Lake,3,202601,Indian Lake,56.019-2-18.100,431900,2019-02-15,470000,Y,210,One Family Year-Round Residence,NY,W,2019-02-15,56.019-2-18.100202600,0.8802586591348299,both,413721.5697933701
hamilton,2019,202000,Arietta,3,202001,Piseco,127.011-1-28,360000,2019-02-15,260000,Y,260,Seasonal Residences,NY,W,2019-02-15,127.011-1-28202000,0.8802586591348299,both,228867.25137505578
hamilton,2019,203089,Lake Pleasant,0,203001,Lake Pleasant,113.018-1-16.111,150900,2019-02-23,205900,Y,260,Seasonal Residences,NJ,,2019-02-23,113.018-1-16.111203089,0.8802586591348299,both,181245.25791586147
hamilton,2019,202800,Inlet,3,202801,Inlet,59.016-10-41,34000,2019-02-27,60000,Y,312,Residential Land Including a Small Improvement,NY,,2019-02-27,59.016-10-41202800,0.8802586591348299,both,52815.5195480898
hamilton,2019,202800,Inlet,3,202801,Inlet,60.017-1-1.120,69100,2019-03-03,80000,Y,311,Residential Vacant Land,NY,,2019-03-03,60.017-1-1.120202800,0.8802586591348299,both,70420.6927307864
hamilton,2019,203400,Morehouse,3,213803,Poland,134.009-1-2.100,116800,2019-03-04,145000,Y,210,One Family Year-Round Residence,NJ,,2019-03-04,134.009-1-2.100203400,0.8802586591348299,both,127637.50557455033
hamilton,2019,202800,Inlet,3,202801,Inlet,50.020-3-25,400000,2019-03-07,317000,Y,210,One Family Year-Round Residence,TX,,2019-03-07,50.020-3-25202800,0.8802586591348299,both,279041.9949457411
hamilton,2019,203001,Speculator,4,203001,Lake Pleasant,113.032-1-18.100,161000,2019-03-11,140000,Y,210,One Family Year-Round Residence,NY,,2019-03-11,113.032-1-18.100203001,0.8802586591348299,both,123236.21227887619
hamilton,2019,203600,Wells,3,203601,Wells,130.070-1-57.100,26700,2019-03-14,17500,Y,311,Residential Vacant Land,NJ,,2019-03-14,130.070-1-57.100203600,0.8802586591348299,both,15404.526534859524
hamilton,2019,202600,Indian Lake,3,202601,Indian Lake,65.012-1-5.200,103000,2019-03-14,85500,Y,210,One Family Year-Round Residence,NY,,2019-03-14,65.012-1-5.200202600,0.8802586591348299,both,75262.11535602796
hamilton,2019,202800,Inlet,3,202801,Inlet,59.007-1-53.100,232500,2019-03-14,215000,Y,210,One Family Year-Round Residence,NY,,2019-03-14,59.007-1-53.100202800,0.8802586591348299,both,189255.61171398844
hamilton,2019,202400,Hope,3,173201,Northville,155.010-1-2.120,141100,2019-03-15,94500,Y,260,Seasonal Residences,NY,,2019-03-15,155.010-1-2.120202400,0.8802586591348299,both,83184.44328824143
hamilton,2019,203600,Wells,3,203601,Wells,130.018-2-22,100000,2019-03-26,155000,Y,260,Seasonal Residences,NY,,2019-03-26,130.018-2-22203600,0.8802586591348299,both,136440.09216589865
hamilton,2019,203001,Speculator,4,203001,Lake Pleasant,113.048-3-8.211,345300,2019-03-27,333000,Y,421,Restaurants,NY,,2019-03-27,113.048-3-8.211203001,0.8802586591348299,both,293126.13349189836
hamilton,2019,203001,Speculator,4,203001,Lake Pleasant,113.048-3-7.110,8700,2019-03-27,10000,Y,311,Residential Vacant Land,NY,W,2019-03-27,113.048-3-7.110203001,0.8802586591348299,both,8802.5865913483
hamilton,2019,203089,Lake Pleasant,0,203001,Lake Pleasant,113.006-1-37.127,81800,2019-04-01,65000,Y,260,Seasonal Residences,NY,,2019-04-01,113.006-1-37.127203089,0.8802586591348299,both,57216.812843763946
hamilton,2019,203600,Wells,3,203601,Wells,130.048-1-12.100,63000,2019-04-02,73000,Y,270,Mobile Home,NY,,2019-04-02,130.048-1-12.100203600,0.8802586591348299,both,64258.882116842586
hamilton,2019,202600,Indian Lake,3,202601,Indian Lake,65.006-1-2,141200,2019-04-04,120000,Y,260,Seasonal Residences,NY,,2019-04-04,65.006-1-2202600,0.8802586591348299,both,105631.0390961796
hamilton,2019,202800,Inlet,3,202801,Inlet,59.016-2-13.111,132700,2019-04-04,215000,Y,210,One Family Year-Round Residence,NY,,2019-04-04,59.016-2-13.111202800,0.8802586591348299,both,189255.61171398844
hamilton,2019,203001,Speculator,4,203001,Lake Pleasant,113.040-2-7.100,73700,2019-04-05,74000,Y,210,One Family Year-Round Residence,NY,,2019-04-05,113.040-2-7.100203001,0.8802586591348299,both,65139.140775977416
hamilton,2019,202600,Indian Lake,3,202601,Indian Lake,56.018-1-1,80700,2019-04-05,115700,Y,210,One Family Year-Round Residence,NY,,2019-04-05,56.018-1-1202600,0.8802586591348299,both,101845.92686189982
hamilton,2019,202800,Inlet,3,202801,Inlet,59.007-3-8,398600,2019-04-08,418000,Y,210,One Family Year-Round Residence,NY,,2019-04-08,59.007-3-8202800,0.8802586591348299,both,367948.1195183589
hamilton,2019,202600,Indian Lake,3,202601,Indian Lake,55.013-1-12.115,189200,2019-04-15,192500,Y,210,One Family Year-Round Residence,MA,W,2019-04-15,55.013-1-12.115202600,0.8802586591348299,both,169449.79188345477
hamilton,2019,202600,Indian Lake,3,202601,Indian Lake,55.015-1-7,115800,2019-04-19,60000,Y,311,Residential Vacant Land,NY,W,2019-04-19,55.015-1-7202600,0.8802586591348299,both,52815.5195480898
hamilton,2019,202600,Indian Lake,3,202601,Indian Lake,56.019-4-46.200,138800,2019-04-22,145000,Y,210,One Family Year-Round Residence,NY,,2019-04-22,56.019-4-46.200202600,0.8802586591348299,both,127637.50557455033
hamilton,2019,203600,Wells,3,203601,Wells,130.010-2-2.114,200000,2019-05-01,299000,Y,210,One Family Year-Round Residence,NY,,2019-05-01,130.010-2-2.114203600,0.8802586591348299,both,263197.33908131416
hamilton,2019,203001,Speculator,4,203001,Lake Pleasant,105.019-1-2,66300,2019-05-01,39000,Y,210,One Family Year-Round Residence,NY,,2019-05-01,105.019-1-2203001,0.8802586591348299,both,34330.08770625837
hamilton,2019,202800,Inlet,3,202801,Inlet,59.012-2-18,425000,2019-05-03,435000,Y,210,One Family Year-Round Residence,NY,,2019-05-03,59.012-2-18202800,0.8802586591348299,both,382912.51672365103
hamilton,2019,203089,Lake Pleasant,0,203001,Lake Pleasant,112.019-1-18,583300,2019-05-17,325000,Y,210,One Family Year-Round Residence,NY,W,2019-05-17,112.019-1-18203089,0.8802586591348299,both,286084.0642188197
hamilton,2019,202800,Inlet,3,202801,Inlet,59.012-1-4,195000,2019-05-20,170000,Y,210,One Family Year-Round Residence,NY,,2019-05-20,59.012-1-4202800,0.8802586591348299,both,149643.97205292108
hamilton,2019,202600,Indian Lake,3,202601,Indian Lake,73.016-1-1,125200,2019-05-23,140000,Y,210,One Family Year-Round Residence,NY,,2019-05-23,73.016-1-1202600,0.8802586591348299,both,123236.21227887619
hamilton,2019,202600,Indian Lake,3,202601,Indian Lake,46.007-2-14,183800,2019-06-01,239000,Y,210,One Family Year-Round Residence,NY,,2019-06-01,46.007-2-14202600,0.8802586591348299,both,210381.81953322436
hamilton,2019,202800,Inlet,3,202801,Inlet,59.012-2-8,375000,2019-06-03,383000,Y,210,One Family Year-Round Residence,MA,,2019-06-03,59.012-2-8202800,0.8802586591348299,both,337139.06644863985
hamilton,2019,202800,Inlet,3,202801,Inlet,59.012-2-31,375000,2019-06-05,375000,Y,210,One Family Year-Round Residence,MA,,2019-06-05,59.012-2-31202800,0.8802586591348299,both,330096.9971755612
hamilton,2019,202600,Indian Lake,3,202601,Indian Lake,56.015-1-68.212,282500,2019-06-07,287000,Y,210,One Family Year-Round Residence,NY,W,2019-06-07,56.015-1-68.212202600,0.8802586591348299,both,252634.2351716962
hamilton,2019,202600,Indian Lake,3,202601,Indian Lake,56.017-3-10.600,51000,2019-06-07,23000,Y,270,Mobile Home,NY,,2019-06-07,56.017-3-10.600202600,0.8802586591348299,both,20245.94916010109
hamilton,2019,202200,Benson,3,173201,Northville,153.020-2-17,55000,2019-06-11,69000,Y,311,Residential Vacant Land,PA,,2019-06-11,153.020-2-17202200,0.8802586591348299,both,60737.847480303266
hamilton,2019,203089,Lake Pleasant,0,203001,Lake Pleasant,113.014-1-3,267700,2019-06-12,200000,Y,417,"Camps, Cottages, Bungalows",ME,,2019-06-12,113.014-1-3203089,0.8802586591348299,both,176051.731826966
hamilton,2019,202600,Indian Lake,3,202601,Indian Lake,65.015-1-9,109400,2019-06-18,70000,Y,311,Residential Vacant Land,NY,W,2019-06-18,65.015-1-9202600,0.8802586591348299,both,61618.106139438096
hamilton,2019,202000,Arietta,3,202001,Piseco,119.011-1-26,71000,2019-06-21,55000,Y,260,Seasonal Residences,NY,,2019-06-21,119.011-1-26202000,0.8802586591348299,both,48414.22625241565
hamilton,2019,202200,Benson,3,173201,Northville,153.020-2-18,55000,2019-06-25,71000,Y,311,Residential Vacant Land,NY,,2019-06-25,153.020-2-18202200,0.8802586591348299,both,62498.364798572926
hamilton,2019,202200,Benson,3,173201,Northville,153.020-2-4,170000,2019-06-25,165000,Y,311,Residential Vacant Land,NY,W,2019-06-25,153.020-2-4202200,0.8802586591348299,both,145242.67875724693
hamilton,2019,202800,Inlet,3,202801,Inlet,50.020-3-8,352500,2019-06-28,350000,Y,210,One Family Year-Round Residence,NY,,2019-06-28,50.020-3-8202800,0.8802586591348299,both,308090.5306971905
hamilton,2019,203600,Wells,3,203601,Wells,130.014-1-9.212,140800,2019-06-28,182500,Y,260,Seasonal Residences,NY,W,2019-06-28,130.014-1-9.212203600,0.8802586591348299,both,160647.20529210646
hamilton,2019,202600,Indian Lake,3,202601,Indian Lake,46.008-1-33,43500,2019-06-28,43500,Y,311,Residential Vacant Land,NY,,2019-06-28,46.008-1-33202600,0.8802586591348299,both,38291.2516723651
hamilton,2019,202600,Indian Lake,3,202601,Indian Lake,65.006-1-4.200,13000,2019-06-29,24000,Y,314,Rural Vacant Lots of 10 Acres or less,NY,,2019-06-29,65.006-1-4.200202600,0.8802586591348299,both,21126.20781923592
hamilton,2019,203089,Lake Pleasant,0,203001,Lake Pleasant,105.018-2-2,55900,2019-07-01,70000,Y,210,One Family Year-Round Residence,NY,,2019-07-01,105.018-2-2203089,0.8802586591348299,both,61618.106139438096
hamilton,2019,202600,Indian Lake,3,202601,Indian Lake,56.020-2-1,86800,2019-08-01,110000,Y,210,One Family Year-Round Residence,NY,,2019-08-01,56.020-2-1202600,0.8802586591348299,both,96828.4525048313
hamilton,2019,202600,Indian Lake,3,202601,Indian Lake,46.000-1-1.120,1220000,2019-08-07,1132350,Y,210,One Family Year-Round Residence,FL,W,2019-08-07,46.000-1-1.120202600,0.8802586591348299,both,996760.8926713247
hamilton,2019,203001,Speculator,4,203001,Lake Pleasant,113.066-1-2.114,632600,2019-08-08,427000,Y,210,One Family Year-Round Residence,NY,W,2019-08-08,113.066-1-2.114203001,0.8802586591348299,both,375870.4474505724
hamilton,2019,203089,Lake Pleasant,0,203001,Lake Pleasant,113.017-1-2.211,648500,2019-08-12,710000,Y,210,One Family Year-Round Residence,NY,W,2019-08-12,113.017-1-2.211203089,0.8802586591348299,both,624983.6479857293
hamilton,2019,202800,Inlet,3,202801,Inlet,60.013-3-9.100,842400,2019-08-13,850000,Y,200,Residential,NY,W,2019-08-13,60.013-3-9.100202800,0.8802586591348299,both,748219.8602646055
hamilton,2019,203089,Lake Pleasant,0,203001,Lake Pleasant,120.014-1-38.111,123000,2019-08-13,135000,Y,210,One Family Year-Round Residence,NY,,2019-08-13,120.014-1-38.111203089,0.8802586591348299,both,118834.91898320203
hamilton,2019,202600,Indian Lake,3,202601,Indian Lake,65.012-1-14,125000,2019-08-13,120000,Y,210,One Family Year-Round Residence,NY,,2019-08-13,65.012-1-14202600,0.8802586591348299,both,105631.0390961796
hamilton,2019,203089,Lake Pleasant,0,203001,Lake Pleasant,113.017-1-13.112,467300,2019-08-15,425000,Y,210,One Family Year-Round Residence,NJ,W,2019-08-15,113.017-1-13.112203089,0.8802586591348299,both,374109.93013230275
hamilton,2019,203600,Wells,3,203601,Wells,130.013-1-10,85000,2019-08-16,200000,Y,210,One Family Year-Round Residence,TX,,2019-08-16,130.013-1-10203600,0.8802586591348299,both,176051.731826966
hamilton,2019,202000,Arietta,3,202001,Piseco,127.011-1-25,385000,2019-08-19,385000,Y,260,Seasonal Residences,NY,W,2019-08-19,127.011-1-25202000,0.8802586591348299,both,338899.58376690955
hamilton,2019,202600,Indian Lake,3,202601,Indian Lake,66.005-1-9,34500,2019-08-22,21000,Y,311,Residential Vacant Land,NY,,2019-08-22,66.005-1-9202600,0.8802586591348299,both,18485.43184183143
hamilton,2019,202000,Arietta,3,202001,Piseco,120.017-5-4,153000,2019-08-27,125000,Y,260,Seasonal Residences,NY,W,2019-08-27,120.017-5-4202000,0.8802586591348299,both,110032.33239185374
hamilton,2019,203001,Speculator,4,203001,Lake Pleasant,113.040-1-15.120,91800,2019-08-27,135000,Y,210,One Family Year-Round Residence,NJ,,2019-08-27,113.040-1-15.120203001,0.8802586591348299,both,118834.91898320203
hamilton,2019,203089,Lake Pleasant,0,203001,Lake Pleasant,112.020-1-5.112,399200,2019-09-04,544000,Y,210,One Family Year-Round Residence,NY,W,2019-09-04,112.020-1-5.112203089,0.8802586591348299,both,478860.7105693475
hamilton,2019,203600,Wells,3,203601,Wells,130.018-1-15,112100,2019-09-05,202500,Y,210,One Family Year-Round Residence,FL,,2019-09-05,130.018-1-15203600,0.8802586591348299,both,178252.37847480306
hamilton,2019,202600,Indian Lake,3,202601,Indian Lake,39.020-1-21,143200,2019-09-10,151000,Y,210,One Family Year-Round Residence,GA,,2019-09-10,39.020-1-21202600,0.8802586591348299,both,132919.05752935933
hamilton,2019,202000,Arietta,3,202001,Piseco,119.012-1-2.110,211000,2019-09-17,287000,Y,210,One Family Year-Round Residence,NY,,2019-09-17,119.012-1-2.110202000,0.8802586591348299,both,252634.2351716962
hamilton,2019,203600,Wells,3,203601,Wells,130.014-2-27.100,86400,2019-09-17,147000,Y,210,One Family Year-Round Residence,NY,,2019-09-17,130.014-2-27.100203600,0.8802586591348299,both,129398.02289282
hamilton,2019,202800,Inlet,3,202801,Inlet,60.017-3-16,79600,2019-09-24,80000,Y,312,Residential Land Including a Small Improvement,NV,,2019-09-24,60.017-3-16202800,0.8802586591348299,both,70420.6927307864
hamilton,2019,203600,Wells,3,203601,Wells,130.010-1-3,38200,2019-09-27,34000,Y,270,Mobile Home,NY,,2019-09-27,130.010-1-3203600,0.8802586591348299,both,29928.794410584218
hamilton,2019,203001,Speculator,4,203001,Lake Pleasant,113.041-3-3.110,386400,2019-09-27,475000,Y,570,Marinas,NY,,2019-09-27,113.041-3-3.110203001,0.8802586591348299,both,418122.86308904423
hamilton,2019,202600,Indian Lake,3,202601,Indian Lake,56.017-3-10.210,24900,2019-09-28,12000,Y,311,Residential Vacant Land,NY,,2019-09-28,56.017-3-10.210202600,0.8802586591348299,both,10563.10390961796
hamilton,2019,203600,Wells,3,203601,Wells,130.010-1-37.120,168000,2019-09-30,153700,Y,210,One Family Year-Round Residence,NY,,2019-09-30,130.010-1-37.120203600,0.8802586591348299,both,135295.75590902337
hamilton,2019,202800,Inlet,3,202801,Inlet,59.000-1-7.200,357500,2019-09-30,355000,Y,210,One Family Year-Round Residence,NY,,2019-09-30,59.000-1-7.200202800,0.8802586591348299,both,312491.82399286464
hamilton,2019,202400,Hope,3,173201,Northville,155.016-1-10.200,158000,2019-10-02,178680,Y,210,One Family Year-Round Residence,NY,,2019-10-02,155.016-1-10.200202400,0.8802586591348299,both,157284.6172142114
hamilton,2019,202600,Indian Lake,3,202601,Indian Lake,65.007-1-3,100300,2019-10-03,50000,Y,210,One Family Year-Round Residence,NY,,2019-10-03,65.007-1-3202600,0.8802586591348299,both,44012.9329567415
hamilton,2019,203089,Lake Pleasant,0,203001,Lake Pleasant,121.006-1-4.110,757200,2019-10-03,850000,Y,210,One Family Year-Round Residence,NY,W,2019-10-03,121.006-1-4.110203089,0.8802586591348299,both,748219.8602646055
hamilton,2019,202600,Indian Lake,3,202601,Indian Lake,65.020-2-12,95200,2019-10-07,98000,Y,210,One Family Year-Round Residence,NY,,2019-10-07,65.020-2-12202600,0.8802586591348299,both,86265.34859521333
hamilton,2019,203089,Lake Pleasant,0,203001,Lake Pleasant,120.013-1-11,201900,2019-10-07,215000,Y,260,Seasonal Residences,CA,W,2019-10-07,120.013-1-11203089,0.8802586591348299,both,189255.61171398844
hamilton,2019,202600,Indian Lake,3,202601,Indian Lake,65.017-1-26,99600,2019-10-07,85000,Y,210,One Family Year-Round Residence,NY,,2019-10-07,65.017-1-26202600,0.8802586591348299,both,74821.98602646054
hamilton,2019,202600,Indian Lake,3,202601,Indian Lake,65.008-1-24.200,157000,2019-10-08,139000,Y,210,One Family Year-Round Residence,NC,,2019-10-08,65.008-1-24.200202600,0.8802586591348299,both,122355.95361974135
hamilton,2019,203600,Wells,3,203601,Wells,130.010-3-5.110,114000,2019-10-08,170000,Y,210,One Family Year-Round Residence,NY,,2019-10-08,130.010-3-5.110203600,0.8802586591348299,both,149643.97205292108
hamilton,2019,203600,Wells,3,203601,Wells,130.018-2-4,132200,2019-10-09,85000,Y,418,"Inns, Lodges, Boarding Houses, Tourist Homes, Fraternity and Sorority Homes",NY,,2019-10-09,130.018-2-4203600,0.8802586591348299,both,74821.98602646054
hamilton,2019,202600,Indian Lake,3,202601,Indian Lake,66.017-3-8.100,220800,2019-10-10,230000,Y,210,One Family Year-Round Residence,NY,,2019-10-10,66.017-3-8.100202600,0.8802586591348299,both,202459.49160101087
hamilton,2019,202600,Indian Lake,3,202601,Indian Lake,73.016-1-20.200,222800,2019-10-11,100000,Y,311,Residential Vacant Land,NY,,2019-10-11,73.016-1-20.200202600,0.8802586591348299,both,88025.865913483
hamilton,2019,202800,Inlet,3,202801,Inlet,60.013-8-30.200,267000,2019-10-11,340000,Y,210,One Family Year-Round Residence,NY,W,2019-10-11,60.013-8-30.200202800,0.8802586591348299,both,299287.94410584215
hamilton,2019,202400,Hope,3,173201,Northville,148.016-1-4,135000,2019-10-15,290600,Y,260,Seasonal Residences,NY,,2019-10-15,148.016-1-4202400,0.8802586591348299,both,255803.16634458158
hamilton,2019,203600,Wells,3,203601,Wells,122.000-1-53,275000,2019-10-16,210000,Y,240,Rural Residence with Acreage,NY,,2019-10-16,122.000-1-53203600,0.8802586591348299,both,184854.31841831427
hamilton,2019,202600,Indian Lake,3,202601,Indian Lake,56.013-1-2.200,165000,2019-10-16,185000,Y,210,One Family Year-Round Residence,NY,,2019-10-16,56.013-1-2.200202600,0.8802586591348299,both,162847.85193994353
hamilton,2019,202800,Inlet,3,202801,Inlet,60.013-1-11,262000,2019-10-17,185000,Y,210,One Family Year-Round Residence,NY,W,2019-10-17,60.013-1-11202800,0.8802586591348299,both,162847.85193994353
hamilton,2019,202000,Arietta,3,202001,Piseco,127.017-1-27.110,600000,2019-10-17,595000,Y,210,One Family Year-Round Residence,NY,W,2019-10-17,127.017-1-27.110202000,0.8802586591348299,both,523753.9021852238
hamilton,2019,202600,Indian Lake,3,202601,Indian Lake,73.016-1-43.112,93200,2019-10-21,108000,Y,210,One Family Year-Round Residence,NY,,2019-10-21,73.016-1-43.112202600,0.8802586591348299,both,95067.93518656163
hamilton,2019,203600,Wells,3,203601,Wells,130.014-1-32.200,253000,2019-10-22,215000,Y,210,One Family Year-Round Residence,NY,W,2019-10-22,130.014-1-32.200203600,0.8802586591348299,both,189255.61171398844
hamilton,2019,203001,Speculator,4,203001,Lake Pleasant,113.041-1-12,175400,2019-10-22,230000,Y,210,One Family Year-Round Residence,PA,,2019-10-22,113.041-1-12203001,0.8802586591348299,both,202459.49160101087
hamilton,2019,202600,Indian Lake,3,202601,Indian Lake,65.020-1-10,69100,2019-10-24,118000,Y,210,One Family Year-Round Residence,PA,,2019-10-24,65.020-1-10202600,0.8802586591348299,both,103870.52177790993
hamilton,2019,203089,Lake Pleasant,0,203001,Lake Pleasant,112.019-1-13,90600,2019-10-25,157500,Y,260,Seasonal Residences,NJ,,2019-10-25,112.019-1-13203089,0.8802586591348299,both,138640.73881373572
hamilton,2019,202800,Inlet,3,202801,Inlet,59.016-8-25.100,77000,2019-10-25,90000,Y,210,One Family Year-Round Residence,NY,,2019-10-25,59.016-8-25.100202800,0.8802586591348299,both,79223.2793221347
hamilton,2019,202000,Arietta,3,202001,Piseco,119.019-1-2,520000,2019-10-26,414999,Y,210,One Family Year-Round Residence,NY,W,2019-10-26,119.019-1-2202000,0.8802586591348299,both,365306.46328229527
hamilton,2019,202800,Inlet,3,202801,Inlet,68.008-2-17,35000,2019-10-28,13000,Y,311,Residential Vacant Land,NY,,2019-10-28,68.008-2-17202800,0.8802586591348299,both,11443.36256875279
hamilton,2019,203001,Speculator,4,203001,Lake Pleasant,113.032-2-2.114,186200,2019-10-30,240000,Y,210,One Family Year-Round Residence,NY,,2019-10-30,113.032-2-2.114203001,0.8802586591348299,both,211262.0781923592
hamilton,2019,202600,Indian Lake,3,202601,Indian Lake,65.013-1-13,35500,2019-10-30,39900,Y,311,Residential Vacant Land,NY,,2019-10-30,65.013-1-13202600,0.8802586591348299,both,35122.32049947971
hamilton,2019,203089,Lake Pleasant,0,203001,Lake Pleasant,112.020-1-5.130,653500,2019-11-07,415000,Y,210,One Family Year-Round Residence,NY,W,2019-11-07,112.020-1-5.130203089,0.8802586591348299,both,365307.3435409544
hamilton,2019,203600,Wells,3,203601,Wells,130.014-2-35.112,110300,2019-11-13,149000,Y,210,One Family Year-Round Residence,RI,,2019-11-13,130.014-2-35.112203600,0.8802586591348299,both,131158.54021108965
hamilton,2019,203089,Lake Pleasant,0,203001,Lake Pleasant,113.009-1-35.100,140200,2019-11-13,83000,Y,210,One Family Year-Round Residence,CT,,2019-11-13,113.009-1-35.100203089,0.8802586591348299,both,73061.46870819088
hamilton,2019,203600,Wells,3,203601,Wells,130.014-2-4,148000,2019-11-14,125000,Y,411,Apartments,NY,W,2019-11-14,130.014-2-4203600,0.8802586591348299,both,110032.33239185374
hamilton,2019,202800,Inlet,3,202801,Inlet,60.013-2-28,175000,2019-11-18,175000,Y,210,One Family Year-Round Residence,NY,W,2019-11-18,60.013-2-28202800,0.8802586591348299,both,154045.26534859525
hamilton,2019,203400,Morehouse,3,213803,Poland,125.015-1-3.100,167200,2019-11-20,185000,Y,210,One Family Year-Round Residence,NY,,2019-11-20,125.015-1-3.100203400,0.8802586591348299,both,162847.85193994353
hamilton,2019,203600,Wells,3,203601,Wells,138.000-2-55.200,165900,2019-11-20,170000,Y,240,Rural Residence with Acreage,NY,,2019-11-20,138.000-2-55.200203600,0.8802586591348299,both,149643.97205292108
hamilton,2019,203001,Speculator,4,203001,Lake Pleasant,113.049-1-8,111200,2019-11-22,78000,Y,260,Seasonal Residences,NY,,2019-11-22,113.049-1-8203001,0.8802586591348299,both,68660.17541251674
hamilton,2019,202800,Inlet,3,202801,Inlet,60.013-1-40.100,465000,2019-11-22,500000,Y,210,One Family Year-Round Residence,NY,W,2019-11-22,60.013-1-40.100202800,0.8802586591348299,both,440129.32956741494
hamilton,2019,203400,Morehouse,3,213803,Poland,125.013-1-20.100,81000,2019-11-26,98900,Y,260,Seasonal Residences,NY,W,2019-11-26,125.013-1-20.100203400,0.8802586591348299,both,87057.58138843469
hamilton,2019,202400,Hope,3,173201,Northville,155.011-1-2,66800,2019-12-03,20000,Y,910,Private Wild and Forest Lands except for Private Hunting and Fishing Clubs,NH,,2019-12-03,155.011-1-2202400,0.8802586591348299,both,17605.1731826966
hamilton,2019,203400,Morehouse,3,213803,Poland,124.000-1-50.400,18000,2019-12-06,14000,Y,311,Residential Vacant Land,NY,W,2019-12-06,124.000-1-50.400203400,0.8802586591348299,both,12323.62122788762
hamilton,2019,202800,Inlet,3,202801,Inlet,59.012-2-36,375000,2019-12-10,415000,Y,210,One Family Year-Round Residence,NY,,2019-12-10,59.012-2-36202800,0.8802586591348299,both,365307.3435409544
hamilton,2019,202400,Hope,3,173201,Northville,155.019-1-10,56100,2019-12-11,69000,Y,270,Mobile Home,NY,,2019-12-11,155.019-1-10202400,0.8802586591348299,both,60737.847480303266
hamilton,2019,202600,Indian Lake,3,202601,Indian Lake,74.011-1-1,69900,2019-12-12,60000,Y,260,Seasonal Residences,NY,W,2019-12-12,74.011-1-1202600,0.8802586591348299,both,52815.5195480898
hamilton,2019,202800,Inlet,3,202801,Inlet,51.014-1-13,98900,2019-12-16,86000,Y,210,One Family Year-Round Residence,NY,,2019-12-16,51.014-1-13202800,0.8802586591348299,both,75702.24468559537
hamilton,2019,203089,Lake Pleasant,0,203001,Lake Pleasant,120.014-1-29.100,290500,2019-12-18,275000,Y,260,Seasonal Residences,NY,W,2019-12-18,120.014-1-29.100203089,0.8802586591348299,both,242071.13126207824
hamilton,2019,202600,Indian Lake,3,202601,Indian Lake,65.015-1-14,297200,2019-12-18,275000,Y,210,One Family Year-Round Residence,NY,W,2019-12-18,65.015-1-14202600,0.8802586591348299,both,242071.13126207824
hamilton,2019,202600,Indian Lake,3,202601,Indian Lake,56.020-1-54,13900,2019-12-19,10000,Y,311,Residential Vacant Land,NY,,2019-12-19,56.020-1-54202600,0.8802586591348299,both,8802.5865913483
hamilton,2019,202000,Arietta,3,202001,Piseco,119.016-1-18.100,120000,2019-12-19,120000,Y,210,One Family Year-Round Residence,NY,,2019-12-19,119.016-1-18.100202000,0.8802586591348299,both,105631.0390961796
hamilton,2019,202400,Hope,3,173201,Northville,155.016-1-4,58300,2019-12-26,57500,Y,910,Private Wild and Forest Lands except for Private Hunting and Fishing Clubs,NY,,2019-12-26,155.016-1-4202400,0.8802586591348299,both,50614.87290025272
hamilton,2019,203089,Lake Pleasant,0,203001,Lake Pleasant,120.007-2-2.121,246800,2019-12-27,225000,Y,210,One Family Year-Round Residence,DE,,2019-12-27,120.007-2-2.121203089,0.8802586591348299,both,198058.19830533673
hamilton,2019,203001,Speculator,4,203001,Lake Pleasant,113.040-2-18,95000,2019-12-30,131840,Y,210,One Family Year-Round Residence,NY,,2019-12-30,113.040-2-18203001,0.8802586591348299,both,116053.30162033597
herkimer,2013,214200,Ohio,3,213803,Poland,078.2-1-42.2,22000,2013-12-30,19000,Y,322,Residential Vacant Land Over 10 Acres,NY,,2013-12-30,078.2-1-42.2214200,0.7508913398420579,both,14266.935456999101
warren,2013,523200,Lake Luzerne,3,523201,Hadley-Luzerne,286.12-1-2,260000,2013-09-25,199900,Y,280,Residential - Multi_Purpose/Multi-Structure,NY,B,2013-09-25,286.12-1-2523200,0.7665210342648311,both,153227.55474953973
warren,2013,524000,Warrensburg,3,524001,Warrensburg,211.17-2-20,19000,2013-11-25,37000,Y,312,Residential Land Including a Small Improvement,NY,,2013-11-25,211.17-2-20524000,0.7665210342648311,both,28361.27826779875
warren,2013,523400,Queensbury,3,522201,Lake George,279.-1-8,198500,2013-12-06,300000,Y,423,"Snack Bars, Drive-Ins, Ice Cream Bars",NY,,2013-12-06,279.-1-8523400,0.7665210342648311,both,229956.31027944933
warren,2013,522800,Horicon,3,522402,North Warren,20.-2-5,464200,2013-12-26,555000,Y,210,One Family Year-Round Residence,NJ,,2013-12-26,20.-2-5522800,0.7665210342648311,both,425419.17401698127
warren,2013,523400,Queensbury,3,523402,Queensbury,308.8-1-22,189600,2013-12-27,257500,Y,215,One Family Year-Round Residence with Accessory Apartment,NY,,2013-12-27,308.8-1-22523400,0.7665210342648311,both,197379.16632319402
warren,2013,523400,Queensbury,3,523402,Queensbury,309.9-3-72,37100,2013-12-27,15000,Y,210,One Family Year-Round Residence,NY,,2013-12-27,309.9-3-72523400,0.7665210342648311,both,11497.815513972466
warren,2013,524000,Warrensburg,3,522402,North Warren,137.-2-39,69900,2013-12-30,66000,Y,911,Forest Land under Section 480 of the Real Property Tax Law,NY,,2013-12-30,137.-2-39524000,0.7665210342648311,both,50590.38826147885
warren,2013,523000,Johnsburg,3,523001,Johnsburg,30.-1-13.2,5600,2013-12-30,377500,Y,210,One Family Year-Round Residence,NY,,2013-12-30,30.-1-13.2523000,0.7665210342648311,both,289361.69043497375
warren,2013,523400,Queensbury,3,523402,Queensbury,278.20-1-17,27800,2013-12-30,30000,Y,311,Residential Vacant Land,NY,,2013-12-30,278.20-1-17523400,0.7665210342648311,both,22995.63102794493
warren,2023,523400,Queensbury,3,523402,Queensbury,297.10-1-27,416000,2023-01-03,393600,Y,210,One Family Year-Round Residence,NY,,2023-01-03,297.10-1-27523400,,left_only,
warren,2023,522289,Lake George,0,522201,Lake George,238.16-1-11.2,2942000,2023-01-03,4460000,Y,210,One Family Year-Round Residence,NY,W,2023-01-03,238.16-1-11.2522289,,left_only,
warren,2023,523400,Queensbury,3,522201,Lake George,239.12-2-27,1149100,2023-01-04,2600000,Y,210,One Family Year-Round Residence,NC,W,2023-01-04,239.12-2-27523400,,left_only,
warren,2023,522800,Horicon,3,522402,North Warren,71.-1-1,286800,2023-01-04,250000,Y,312,Residential Land Including a Small Improvement,NY,,2023-01-04,71.-1-1522800,,left_only,
warren,2023,523000,Johnsburg,3,523001,Johnsburg,99.-1-45,239300,2023-01-04,320000,Y,210,One Family Year-Round Residence,NY,A,2023-01-04,99.-1-45523000,,left_only,
warren,2023,523400,Queensbury,3,523402,Queensbury,278.20-1-13,381600,2023-01-05,430000,Y,210,One Family Year-Round Residence,NY,,2023-01-05,278.20-1-13523400,,left_only,
warren,2023,522201,Lake George,4,522201,Lake George,251.18-4-27,315000,2023-01-05,325000,Y,210,One Family Year-Round Residence,NY,,2023-01-05,251.18-4-27522201,,left_only,
warren,2023,522400,Chester,3,522402,North Warren,68.-1-13.3,62700,2023-01-05,62700,Y,322,Residential Vacant Land Over 10 Acres,NY,,2023-01-05,68.-1-13.3522400,,left_only,
warren,2023,522400,Chester,3,522402,North Warren,86.9-1-15,388900,2023-01-05,564000,Y,210,One Family Year-Round Residence,TX,W,2023-01-05,86.9-1-15522400,,left_only,
warren,2023,522289,Lake George,0,522201,Lake George,277.02-1-38,13900,2023-01-06,25000,Y,323,Other Rural Vacant Lands,NY,,2023-01-06,277.02-1-38522289,,left_only,
warren,2023,523000,Johnsburg,3,523001,Johnsburg,66.10-2-10,100100,2023-01-06,309000,Y,210,One Family Year-Round Residence,NY,,2023-01-06,66.10-2-10523000,,left_only,
warren,2023,523000,Johnsburg,3,523001,Johnsburg,117.-1-67,190900,2023-01-06,230000,Y,210,One Family Year-Round Residence,MA,,2023-01-06,117.-1-67523000,,left_only,
warren,2023,523400,Queensbury,3,520500,Glens Falls,309.7-1-5,17500,2023-01-06,200000,Y,311,Residential Vacant Land,NY,,2023-01-06,309.7-1-5523400,,left_only,
warren,2023,523400,Queensbury,3,523402,Queensbury,301.18-2-7,214000,2023-01-09,349500,Y,210,One Family Year-Round Residence,NY,,2023-01-09,301.18-2-7523400,,left_only,
warren,2023,522000,Bolton,3,522201,Lake George,213.13-1-21,271000,2023-01-09,365000,Y,210,One Family Year-Round Residence,NJ,,2023-01-09,213.13-1-21522000,,left_only,
warren,2023,522600,Hague,3,154801,Ticonderoga,25.2-1-26,153600,2023-01-10,228000,Y,210,One Family Year-Round Residence,NY,,2023-01-10,25.2-1-26522600,,left_only,
warren,2023,523400,Queensbury,3,520500,Glens Falls,302.8-1-25,126500,2023-01-11,188500,Y,210,One Family Year-Round Residence,NY,,2023-01-11,302.8-1-25523400,,left_only,
warren,2023,523400,Queensbury,3,522201,Lake George,289.7-1-52,77400,2023-01-11,22500,Y,311,Residential Vacant Land,NY,B,2023-01-11,289.7-1-52523400,,left_only,
warren,2023,523000,Johnsburg,3,523001,Johnsburg,117.-1-25,66700,2023-01-11,75000,Y,910,Private Wild and Forest Lands except for Private Hunting and Fishing Clubs,NY,,2023-01-11,117.-1-25523000,,left_only,
warren,2023,523400,Queensbury,3,520500,Glens Falls,309.7-3-6,127000,2023-01-12,230000,Y,210,One Family Year-Round Residence,NY,,2023-01-12,309.7-3-6523400,,left_only,
warren,2023,523400,Queensbury,3,522201,Lake George,289.8-1-9,266700,2023-01-13,415000,Y,210,One Family Year-Round Residence,NY,,2023-01-13,289.8-1-9523400,,left_only,
warren,2023,522600,Hague,3,154801,Ticonderoga,25.4-1-13.1,236800,2023-01-13,339000,Y,210,One Family Year-Round Residence,NY,,2023-01-13,25.4-1-13.1522600,,left_only,
warren,2023,522289,Lake George,0,524001,Warrensburg,225.00-1-56,383700,2023-01-16,570000,Y,210,One Family Year-Round Residence,NY,,2023-01-16,225.00-1-56522289,,left_only,
warren,2023,523800,Thurman,3,524001,Warrensburg,221.-1-34.4,194500,2023-01-17,310000,Y,210,One Family Year-Round Residence,NY,,2023-01-17,221.-1-34.4523800,,left_only,
warren,2023,523400,Queensbury,3,523402,Queensbury,297.10-1-22,364500,2023-01-17,520000,Y,210,One Family Year-Round Residence,NY,,2023-01-17,297.10-1-22523400,,left_only,
warren,2023,523000,Johnsburg,3,523001,Johnsburg,31.-1-9,44000,2023-01-18,30000,Y,312,Residential Land Including a Small Improvement,NY,,2023-01-18,31.-1-9523000,,left_only,
warren,2023,522800,Horicon,3,522402,North Warren,55.14-1-1,202900,2023-01-18,300000,Y,311,Residential Vacant Land,CO,W,2023-01-18,55.14-1-1522800,,left_only,
warren,2023,523400,Queensbury,3,522201,Lake George,289.11-1-50,257200,2023-01-18,349999,Y,210,One Family Year-Round Residence,NY,,2023-01-18,289.11-1-50523400,,left_only,
warren,2023,522289,Lake George,0,522201,Lake George,251.07-1-73,276300,2023-01-19,109000,Y,210,One Family Year-Round Residence,NY,T,2023-01-19,251.07-1-73522289,,left_only,
warren,2023,523400,Queensbury,3,523402,Queensbury,279.17-1-55,177600,2023-01-19,156500,Y,210,One Family Year-Round Residence,NY,,2023-01-19,279.17-1-55523400,,left_only,
warren,2023,522289,Lake George,0,522201,Lake George,264.06-3-47,202000,2023-01-19,278000,Y,210,One Family Year-Round Residence,NY,,2023-01-19,264.06-3-47522289,,left_only,
warren,2023,524000,Warrensburg,3,524001,Warrensburg,211.17-3-13,123500,2023-01-19,179400,Y,210,One Family Year-Round Residence,NY,,2023-01-19,211.17-3-13524000,,left_only,
warren,2023,523400,Queensbury,3,522201,Lake George,289.7-1-50,277300,2023-01-19,380000,Y,210,One Family Year-Round Residence,NY,B,2023-01-19,289.7-1-50523400,,left_only,
warren,2023,522289,Lake George,0,522201,Lake George,251.07-1-94,339000,2023-01-19,200000,Y,210,One Family Year-Round Residence,NY,C,2023-01-19,251.07-1-94522289,,left_only,
warren,2023,523200,Lake Luzerne,3,523201,Hadley-Luzerne,317.16-1-50,89000,2023-01-20,165000,Y,210,One Family Year-Round Residence,NY,,2023-01-20,317.16-1-50523200,,left_only,
warren,2023,523400,Queensbury,3,523402,Queensbury,308.18-2-42,314700,2023-01-20,415000,Y,210,One Family Year-Round Residence,NY,,2023-01-20,308.18-2-42523400,,left_only,
warren,2023,522400,Chester,3,522402,North Warren,85.-1-14.3,27900,2023-01-20,39000,Y,311,Residential Vacant Land,CT,,2023-01-20,85.-1-14.3522400,,left_only,
warren,2023,523400,Queensbury,3,522201,Lake George,252.39-1-11,357700,2023-01-20,489900,Y,210,One Family Year-Round Residence,NY,A,2023-01-20,252.39-1-11523400,,left_only,
warren,2023,523400,Queensbury,3,523402,Queensbury,296.7-1-2,559000,2023-01-24,900000,Y,312,Residential Land Including a Small Improvement,NY,,2023-01-24,296.7-1-2523400,,left_only,
warren,2023,523400,Queensbury,3,520500,Glens Falls,309.11-1-78,152800,2023-01-24,246400,Y,210,One Family Year-Round Residence,NY,,2023-01-24,309.11-1-78523400,,left_only,
warren,2023,523000,Johnsburg,3,523001,Johnsburg,30.-2-64,45200,2023-01-25,60000,Y,322,Residential Vacant Land Over 10 Acres,FL,,2023-01-25,30.-2-64523000,,left_only,
warren,2023,523000,Johnsburg,3,523001,Johnsburg,46.-2-26,55400,2023-01-25,110000,Y,311,Residential Vacant Land,NY,A,2023-01-25,46.-2-26523000,,left_only,
warren,2023,523400,Queensbury,3,523402,Queensbury,279.-1-38,200000,2023-01-25,250000,Y,210,One Family Year-Round Residence,CT,,2023-01-25,279.-1-38523400,,left_only,
warren,2023,523400,Queensbury,3,523402,Queensbury,309.9-3-74,36100,2023-01-26,55000,Y,270,Mobile Home,NY,,2023-01-26,309.9-3-74523400,,left_only,
warren,2023,522289,Lake George,0,522201,Lake George,251.20-2-4,37000,2023-01-26,170000,Y,311,Residential Vacant Land,NY,,2023-01-26,251.20-2-4522289,,left_only,
warren,2023,522400,Chester,3,522402,North Warren,69.-1-9,30900,2023-01-26,25000,Y,311,Residential Vacant Land,NY,,2023-01-26,69.-1-9522400,,left_only,
warren,2023,522289,Lake George,0,522201,Lake George,225.00-1-68,59300,2023-01-27,172000,Y,314,Rural Vacant Lots of 10 Acres or less,NY,,2023-01-27,225.00-1-68522289,,left_only,
warren,2023,523400,Queensbury,3,523402,Queensbury,302.17-1-26,167300,2023-01-27,160000,Y,210,One Family Year-Round Residence,NY,,2023-01-27,302.17-1-26523400,,left_only,
warren,2023,523800,Thurman,3,524001,Warrensburg,167.4-2-8,116600,2023-01-30,132500,Y,210,One Family Year-Round Residence,NY,,2023-01-30,167.4-2-8523800,,left_only,
warren,2023,523400,Queensbury,3,523402,Queensbury,301.13-2-39,318200,2023-01-30,485000,Y,210,One Family Year-Round Residence,NY,,2023-01-30,301.13-2-39523400,,left_only,
warren,2023,522289,Lake George,0,522201,Lake George,264.06-3-28,475000,2023-01-31,800000,Y,415,Motel,NY,,2023-01-31,264.06-3-28522289,,left_only,
warren,2023,523000,Johnsburg,3,523001,Johnsburg,66.10-1-51,1531600,2023-01-31,1930000,Y,414,Hotel,MA,,2023-01-31,66.10-1-51523000,,left_only,
warren,2023,523400,Queensbury,3,520500,Glens Falls,302.14-2-59,177100,2023-01-31,260000,Y,210,One Family Year-Round Residence,NY,,2023-01-31,302.14-2-59523400,,left_only,
warren,2023,522289,Lake George,0,522201,Lake George,264.06-3-19,280000,2023-01-31,650000,Y,415,Motel,VT,,2023-01-31,264.06-3-19522289,,left_only,
warren,2023,523400,Queensbury,3,523402,Queensbury,301.8-2-84,143400,2023-02-01,195000,Y,210,One Family Year-Round Residence,NY,,2023-02-01,301.8-2-84523400,,left_only,
warren,2023,523400,Queensbury,3,523402,Queensbury,309.13-1-61,105200,2023-02-01,160000,Y,210,One Family Year-Round Residence,NY,,2023-02-01,309.13-1-61523400,,left_only,
warren,2023,523400,Queensbury,3,523402,Queensbury,301.6-1-29,257400,2023-02-01,400000,Y,210,One Family Year-Round Residence,NY,,2023-02-01,301.6-1-29523400,,left_only,
warren,2023,522289,Lake George,0,522201,Lake George,238.14-1-25,368000,2023-02-01,350000,Y,210,One Family Year-Round Residence,FL,,2023-02-01,238.14-1-25522289,,left_only,
warren,2023,523800,Thurman,3,524001,Warrensburg,166.-1-13,46200,2023-02-01,130000,Y,911,Forest Land under Section 480 of the Real Property Tax Law,NY,,2023-02-01,166.-1-13523800,,left_only,
warren,2023,523400,Queensbury,3,523402,Queensbury,303.15-1-27,1134800,2023-02-02,900000,Y,457,Small Retail,MI,,2023-02-02,303.15-1-27523400,,left_only,
warren,2023,523400,Queensbury,3,523402,Queensbury,289.15-1-5,272000,2023-02-02,325000,Y,465,Professional Building,NY,,2023-02-02,289.15-1-5523400,,left_only,
warren,2023,522289,Lake George,0,522201,Lake George,225.08-1-23,528000,2023-02-02,650000,Y,210,One Family Year-Round Residence,NY,,2023-02-02,225.08-1-23522289,,left_only,
warren,2023,523000,Johnsburg,3,523001,Johnsburg,148.-1-27,37200,2023-02-02,24000,Y,314,Rural Vacant Lots of 10 Acres or less,NY,,2023-02-02,148.-1-27523000,,left_only,
warren,2023,523400,Queensbury,3,520500,Glens Falls,309.11-1-12,166100,2023-02-03,240000,Y,210,One Family Year-Round Residence,NY,,2023-02-03,309.11-1-12523400,,left_only,
warren,2023,522289,Lake George,0,522201,Lake George,251.16-1-17,174000,2023-02-03,207000,Y,210,One Family Year-Round Residence,NJ,,2023-02-03,251.16-1-17522289,,left_only,
warren,2023,522289,Lake George,0,522201,Lake George,264.16-1-16,248000,2023-02-03,374900,Y,210,One Family Year-Round Residence,NY,,2023-02-03,264.16-1-16522289,,left_only,
warren,2023,523000,Johnsburg,3,523001,Johnsburg,149.-1-5,80500,2023-02-06,258000,Y,910,Private Wild and Forest Lands except for Private Hunting and Fishing Clubs,NJ,,2023-02-06,149.-1-5523000,,left_only,
warren,2023,523400,Queensbury,3,522201,Lake George,252.48-1-26,288200,2023-02-06,375000,Y,210,One Family Year-Round Residence,NY,A,2023-02-06,252.48-1-26523400,,left_only,
warren,2023,523400,Queensbury,3,523402,Queensbury,295.19-2-10,167300,2023-02-07,245000,Y,210,One Family Year-Round Residence,NY,,2023-02-07,295.19-2-10523400,,left_only,
warren,2023,523800,Thurman,3,524001,Warrensburg,221.-2-25,14000,2023-02-07,15000,Y,314,Rural Vacant Lots of 10 Acres or less,FL,,2023-02-07,221.-2-25523800,,left_only,
warren,2023,523400,Queensbury,3,523402,Queensbury,289.11-2-10,164300,2023-02-08,219000,Y,210,One Family Year-Round Residence,NY,,2023-02-08,289.11-2-10523400,,left_only,
warren,2023,522400,Chester,3,523001,Johnsburg,33.-1-16.3,40700,2023-02-10,50000,Y,322,Residential Vacant Land Over 10 Acres,NY,,2023-02-10,33.-1-16.3522400,,left_only,
warren,2023,523400,Queensbury,3,523402,Queensbury,279.17-2-8,319000,2023-02-10,455000,Y,210,One Family Year-Round Residence,NY,W,2023-02-10,279.17-2-8523400,,left_only,
warren,2023,523200,Lake Luzerne,3,523201,Hadley-Luzerne,298.11-2-39,485000,2023-02-13,985000,Y,415,Motel,NY,W,2023-02-13,298.11-2-39523200,,left_only,
warren,2023,523400,Queensbury,3,523402,Queensbury,308.13-1-7,213400,2023-02-13,345000,Y,210,One Family Year-Round Residence,NY,,2023-02-13,308.13-1-7523400,,left_only,
warren,2023,523000,Johnsburg,3,523001,Johnsburg,30.-2-65,47400,2023-02-14,72500,Y,322,Residential Vacant Land Over 10 Acres,VA,,2023-02-14,30.-2-65523000,,left_only,
warren,2023,522800,Horicon,3,522402,North Warren,72.5-1-3,676000,2023-02-15,765000,Y,210,One Family Year-Round Residence,NY,W,2023-02-15,72.5-1-3522800,,left_only,
warren,2023,522800,Horicon,3,522402,North Warren,20.-1-31.2,83700,2023-02-15,75000,Y,322,Residential Vacant Land Over 10 Acres,NY,,2023-02-15,20.-1-31.2522800,,left_only,
warren,2023,522289,Lake George,0,522201,Lake George,264.03-2-27,25600,2023-02-15,48000,Y,311,Residential Vacant Land,NY,,2023-02-15,264.03-2-27522289,,left_only,
warren,2023,522400,Chester,3,522402,North Warren,87.16-1-3.2,220300,2023-02-15,200000,Y,220,Two Family Year-Round Residence,NY,,2023-02-15,87.16-1-3.2522400,,left_only,
warren,2023,522800,Horicon,3,522402,North Warren,87.2-2-30,120000,2023-02-15,80000,Y,210,One Family Year-Round Residence,NY,,2023-02-15,87.2-2-30522800,,left_only,
warren,2023,522800,Horicon,3,522402,North Warren,20.-1-36,71800,2023-02-15,75000,Y,310,Residential,NY,,2023-02-15,20.-1-36522800,,left_only,
warren,2023,523400,Queensbury,3,522201,Lake George,289.13-1-36,263600,2023-02-17,395000,Y,210,One Family Year-Round Residence,TX,,2023-02-17,289.13-1-36523400,,left_only,
warren,2023,522800,Horicon,3,522402,North Warren,106.-1-15,30600,2023-02-17,25500,Y,314,Rural Vacant Lots of 10 Acres or less,CT,,2023-02-17,106.-1-15522800,,left_only,
warren,2023,522400,Chester,3,153401,Minerva,33.-2-18.7,81800,2023-02-17,140000,Y,260,Seasonal Residences,NJ,,2023-02-17,33.-2-18.7522400,,left_only,
warren,2023,522289,Lake George,0,522201,Lake George,277.02-1-16.1,550000,2023-02-17,550000,Y,415,Motel,NY,,2023-02-17,277.02-1-16.1522289,,left_only,
warren,2023,522289,Lake George,0,524001,Warrensburg,225.00-1-43,85800,2023-02-17,250000,Y,911,Forest Land under Section 480 of the Real Property Tax Law,NJ,,2023-02-17,225.00-1-43522289,,left_only,
warren,2023,522000,Bolton,3,522001,Bolton,186.00-1-14.1,307000,2023-02-17,500000,Y,210,One Family Year-Round Residence,NY,,2023-02-17,186.00-1-14.1522000,,left_only,
warren,2023,522400,Chester,3,522402,North Warren,36.-1-12,736200,2023-02-21,800000,Y,210,One Family Year-Round Residence,NY,W,2023-02-21,36.-1-12522400,,left_only,
warren,2023,523400,Queensbury,3,523402,Queensbury,301.19-1-1,46900,2023-02-21,455000,Y,311,Residential Vacant Land,TN,,2023-02-21,301.19-1-1523400,,left_only,
warren,2023,523000,Johnsburg,3,523001,Johnsburg,100.-3-3,48900,2023-02-22,25000,Y,312,Residential Land Including a Small Improvement,NY,,2023-02-22,100.-3-3523000,,left_only,
warren,2023,522400,Chester,3,522402,North Warren,35.-1-4,380000,2023-02-24,499000,Y,215,One Family Year-Round Residence with Accessory Apartment,NY,,2023-02-24,35.-1-4522400,,left_only,
warren,2023,523400,Queensbury,3,522201,Lake George,240.-1-53,75300,2023-02-24,84000,Y,311,Residential Vacant Land,NY,,2023-02-24,240.-1-53523400,,left_only,
warren,2023,523400,Queensbury,3,523402,Queensbury,308.14-1-37,293200,2023-02-27,460000,Y,210,One Family Year-Round Residence,NY,,2023-02-27,308.14-1-37523400,,left_only,
warren,2023,524000,Warrensburg,3,524001,Warrensburg,184.-1-10.1,38800,2023-02-27,50000,Y,322,Residential Vacant Land Over 10 Acres,PA,,2023-02-27,184.-1-10.1524000,,left_only,
warren,2023,522000,Bolton,3,522001,Bolton,200.17-1-2,139500,2023-02-28,450000,Y,322,Residential Vacant Land Over 10 Acres,NY,,2023-02-28,200.17-1-2522000,,left_only,
warren,2023,523400,Queensbury,3,523402,Queensbury,301.13-1-81,360100,2023-02-28,560000,Y,210,One Family Year-Round Residence,NY,,2023-02-28,301.13-1-81523400,,left_only,
warren,2023,523400,Queensbury,3,523402,Queensbury,315.7-2-85,369400,2023-02-28,475000,Y,210,One Family Year-Round Residence,NC,,2023-02-28,315.7-2-85523400,,left_only,
warren,2023,523800,Thurman,3,524001,Warrensburg,209.-2-9,128300,2023-03-01,230000,Y,210,One Family Year-Round Residence,NY,,2023-03-01,209.-2-9523800,,left_only,
warren,2023,523400,Queensbury,3,520500,Glens Falls,302.7-1-51,160800,2023-03-02,270000,Y,210,One Family Year-Round Residence,NY,,2023-03-02,302.7-1-51523400,,left_only,
warren,2023,522289,Lake George,0,522201,Lake George,264.43-1-3,15100,2023-03-02,759698,Y,210,One Family Year-Round Residence,NY,,2023-03-02,264.43-1-3522289,,left_only,
warren,2023,523400,Queensbury,3,523402,Queensbury,297.13-1-6,179900,2023-03-03,267000,Y,210,One Family Year-Round Residence,NY,,2023-03-03,297.13-1-6523400,,left_only,
warren,2023,523000,Johnsburg,3,523001,Johnsburg,101.-1-34,442500,2023-03-03,250000,Y,411,Apartments,NY,,2023-03-03,101.-1-34523000,,left_only,
warren,2023,523400,Queensbury,3,523402,Queensbury,308.14-1-42,361300,2023-03-03,445000,Y,210,One Family Year-Round Residence,NY,,2023-03-03,308.14-1-42523400,,left_only,
warren,2023,522201,Lake George,4,522201,Lake George,251.80-1-1.3,1050000,2023-03-03,1150000,Y,411,Apartments,NY,,2023-03-03,251.80-1-1.3522201,,left_only,
warren,2023,524000,Warrensburg,3,524001,Warrensburg,210.16-3-14,143900,2023-03-03,225000,Y,210,One Family Year-Round Residence,NY,,2023-03-03,210.16-3-14524000,,left_only,
warren,2023,523400,Queensbury,3,523402,Queensbury,308.12-2-37,76400,2023-03-06,80000,Y,210,One Family Year-Round Residence,NY,,2023-03-06,308.12-2-37523400,,left_only,
warren,2023,522289,Lake George,0,522201,Lake George,238.00-1-67,659000,2023-03-06,501100,Y,210,One Family Year-Round Residence,NJ,,2023-03-06,238.00-1-67522289,,left_only,
warren,2023,522400,Chester,3,522402,North Warren,16.-1-9,30900,2023-03-07,28000,Y,314,Rural Vacant Lots of 10 Acres or less,NY,,2023-03-07,16.-1-9522400,,left_only,
warren,2023,523000,Johnsburg,3,523001,Johnsburg,164.-1-22,84500,2023-03-08,72000,Y,312,Residential Land Including a Small Improvement,NY,,2023-03-08,164.-1-22523000,,left_only,
warren,2023,522800,Horicon,3,522402,North Warren,88.7-1-28,280300,2023-03-08,205000,Y,432,Service and Gas Stations,NY,,2023-03-08,88.7-1-28522800,,left_only,
warren,2023,522000,Bolton,3,522001,Bolton,199.00-1-30,67700,2023-03-09,135000,Y,300,Vacant Land,NY,,2023-03-09,199.00-1-30522000,,left_only,
warren,2023,522800,Horicon,3,522402,North Warren,36.12-1-5,412000,2023-03-10,590000,Y,210,One Family Year-Round Residence,CT,,2023-03-10,36.12-1-5522800,,left_only,
warren,2023,523800,Thurman,3,524001,Warrensburg,222.-2-10.2,222300,2023-03-10,300000,Y,210,One Family Year-Round Residence,NY,,2023-03-10,222.-2-10.2523800,,left_only,
warren,2023,523400,Queensbury,3,520500,Glens Falls,302.17-2-80,202800,2023-03-10,295000,Y,210,One Family Year-Round Residence,NY,,2023-03-10,302.17-2-80523400,,left_only,
warren,2023,523200,Lake Luzerne,3,523201,Hadley-Luzerne,285.-2-31,60000,2023-03-13,94000,Y,270,Mobile Home,NY,,2023-03-13,285.-2-31523200,,left_only,
warren,2023,522289,Lake George,0,524001,Warrensburg,225.00-1-29,27500,2023-03-14,20000,Y,311,Residential Vacant Land,NJ,,2023-03-14,225.00-1-29522289,,left_only,
warren,2023,523000,Johnsburg,3,523001,Johnsburg,101.2-1-29,75400,2023-03-15,54000,Y,311,Residential Vacant Land,NY,A,2023-03-15,101.2-1-29523000,,left_only,
warren,2023,523400,Queensbury,3,523402,Queensbury,301.17-1-57,191500,2023-03-15,283000,Y,210,One Family Year-Round Residence,NY,,2023-03-15,301.17-1-57523400,,left_only,
warren,2023,522800,Horicon,3,522402,North Warren,88.18-2-8,224000,2023-03-16,200000,Y,210,One Family Year-Round Residence,NJ,W,2023-03-16,88.18-2-8522800,,left_only,
warren,2023,523400,Queensbury,3,522201,Lake George,266.1-1-48,65700,2023-03-16,80000,Y,311,Residential Vacant Land,NY,,2023-03-16,266.1-1-48523400,,left_only,
warren,2023,522000,Bolton,3,522001,Bolton,171.15-1-6,50000,2023-03-16,250000,Y,311,Residential Vacant Land,NY,,2023-03-16,171.15-1-6522000,,left_only,
warren,2023,523000,Johnsburg,3,523001,Johnsburg,46.-1-81.4,361800,2023-03-17,629000,Y,210,One Family Year-Round Residence,NJ,A,2023-03-17,46.-1-81.4523000,,left_only,
warren,2023,523400,Queensbury,3,523402,Queensbury,296.5-1-30,326500,2023-03-17,453200,Y,210,One Family Year-Round Residence,NY,,2023-03-17,296.5-1-30523400,,left_only,
warren,2023,522289,Lake George,0,522201,Lake George,238.17-1-14,350000,2023-03-17,735000,Y,417,"Camps, Cottages, Bungalows",NY,,2023-03-17,238.17-1-14522289,,left_only,
warren,2023,523000,Johnsburg,3,523001,Johnsburg,118.-1-77,161700,2023-03-18,130000,Y,215,One Family Year-Round Residence with Accessory Apartment,NY,,2023-03-18,118.-1-77523000,,left_only,
warren,2023,523400,Queensbury,3,523402,Queensbury,301.20-1-50,238400,2023-03-20,415000,Y,210,One Family Year-Round Residence,NY,,2023-03-20,301.20-1-50523400,,left_only,
warren,2023,523000,Johnsburg,3,523001,Johnsburg,119.-1-3,36500,2023-03-20,17000,Y,314,Rural Vacant Lots of 10 Acres or less,NY,,2023-03-20,119.-1-3523000,,left_only,
warren,2023,522800,Horicon,3,522402,North Warren,105.2-1-24,409000,2023-03-20,330000,Y,210,One Family Year-Round Residence,NY,W,2023-03-20,105.2-1-24522800,,left_only,
warren,2023,524000,Warrensburg,3,524001,Warrensburg,138.2-1-9,134900,2023-03-21,220000,Y,210,One Family Year-Round Residence,NY,W,2023-03-21,138.2-1-9524000,,left_only,
warren,2023,522400,Chester,3,523001,Johnsburg,33.-1-16.14,71600,2023-03-21,64850,Y,311,Residential Vacant Land,NY,,2023-03-21,33.-1-16.14522400,,left_only,
warren,2023,523000,Johnsburg,3,523001,Johnsburg,133.-1-77.4,553300,2023-03-21,699900,Y,210,One Family Year-Round Residence,NY,,2023-03-21,133.-1-77.4523000,,left_only,
warren,2023,522400,Chester,3,522402,North Warren,120.10-1-50.1,632500,2023-03-22,90000,Y,310,Residential,NY,W,2023-03-22,120.10-1-50.1522400,,left_only,
warren,2023,523000,Johnsburg,3,523001,Johnsburg,134.-1-27,108200,2023-03-23,125000,Y,312,Residential Land Including a Small Improvement,NY,,2023-03-23,134.-1-27523000,,left_only,
warren,2023,522400,Chester,3,522402,North Warren,35.2-1-56,47600,2023-03-24,35000,Y,322,Residential Vacant Land Over 10 Acres,NY,,2023-03-24,35.2-1-56522400,,left_only,
warren,2023,522400,Chester,3,522402,North Warren,85.12-1-11,446000,2023-03-24,849900,Y,240,Rural Residence with Acreage,NY,W,2023-03-24,85.12-1-11522400,,left_only,
warren,2023,522289,Lake George,0,522201,Lake George,251.10-1-30,146000,2023-03-24,238000,Y,210,One Family Year-Round Residence,NY,,2023-03-24,251.10-1-30522289,,left_only,
warren,2023,523200,Lake Luzerne,3,523201,Hadley-Luzerne,292.11-1-24,222000,2023-03-27,320000,Y,210,One Family Year-Round Residence,NY,,2023-03-27,292.11-1-24523200,,left_only,
warren,2023,523000,Johnsburg,3,523001,Johnsburg,66.46-1-9,2800,2023-03-30,180000,Y,311,Residential Vacant Land,CT,,2023-03-30,66.46-1-9523000,,left_only,
warren,2023,523000,Johnsburg,3,523001,Johnsburg,100.-2-57,667900,2023-03-30,957000,Y,210,One Family Year-Round Residence,NY,A,2023-03-30,100.-2-57523000,,left_only,
warren,2023,522800,Horicon,3,522402,North Warren,105.2-1-19,251000,2023-03-30,290000,Y,210,One Family Year-Round Residence,TX,,2023-03-30,105.2-1-19522800,,left_only,
warren,2023,523400,Queensbury,3,523402,Queensbury,290.-1-82.5,354100,2023-03-30,477000,Y,210,One Family Year-Round Residence,NY,,2023-03-30,290.-1-82.5523400,,left_only,
warren,2023,523400,Queensbury,3,523402,Queensbury,301.8-1-9,252200,2023-03-30,380000,Y,210,One Family Year-Round Residence,NY,,2023-03-30,301.8-1-9523400,,left_only,
warren,2023,524000,Warrensburg,3,524001,Warrensburg,167.-2-16,115000,2023-03-30,180094,Y,270,Mobile Home,NY,,2023-03-30,167.-2-16524000,,left_only,
warren,2023,523400,Queensbury,3,523402,Queensbury,279.17-2-5,139700,2023-03-31,217805,Y,210,One Family Year-Round Residence,NY,,2023-03-31,279.17-2-5523400,,left_only,
warren,2023,523400,Queensbury,3,523402,Queensbury,308.12-2-20,53700,2023-03-31,60000,Y,270,Mobile Home,NY,,2023-03-31,308.12-2-20523400,,left_only,
warren,2023,524000,Warrensburg,3,524001,Warrensburg,210.16-1-16,177000,2023-03-31,300000,Y,210,One Family Year-Round Residence,NY,,2023-03-31,210.16-1-16524000,,left_only,
warren,2023,524000,Warrensburg,3,522402,North Warren,153.26-1-12,162900,2023-03-31,280000,Y,210,One Family Year-Round Residence,NY,A,2023-03-31,153.26-1-12524000,,left_only,
warren,2023,522400,Chester,3,522402,North Warren,120.6-2-24,302300,2023-03-31,515000,Y,210,One Family Year-Round Residence,NY,,2023-03-31,120.6-2-24522400,,left_only,
warren,2023,522289,Lake George,0,522201,Lake George,238.16-1-4,743000,2023-03-31,1300000,Y,417,"Camps, Cottages, Bungalows",NY,,2023-03-31,238.16-1-4522289,,left_only,
warren,2023,522289,Lake George,0,522201,Lake George,226.17-1-28,1243000,2023-03-31,1750000,Y,210,One Family Year-Round Residence,NY,,2023-03-31,226.17-1-28522289,,left_only,
warren,2023,522000,Bolton,3,522001,Bolton,140.00-2-6,141000,2023-03-31,365000,Y,311,Residential Vacant Land,NJ,,2023-03-31,140.00-2-6522000,,left_only,
warren,2023,523400,Queensbury,3,523402,Queensbury,297.10-1-52,546700,2023-04-03,875000,Y,215,One Family Year-Round Residence with Accessory Apartment,NY,,2023-04-03,297.10-1-52523400,,left_only,
warren,2023,523400,Queensbury,3,523402,Queensbury,308.12-1-12,37300,2023-04-03,40000,Y,210,One Family Year-Round Residence,NY,,2023-04-03,308.12-1-12523400,,left_only,
warren,2023,523400,Queensbury,3,523402,Queensbury,303.16-1-13,255400,2023-04-03,285000,Y,220,Two Family Year-Round Residence,NY,,2023-04-03,303.16-1-13523400,,left_only,
warren,2023,522400,Chester,3,522402,North Warren,86.19-1-41,211600,2023-04-04,375000,Y,210,One Family Year-Round Residence,NJ,,2023-04-04,86.19-1-41522400,,left_only,
warren,2023,523200,Lake Luzerne,3,523201,Hadley-Luzerne,318.1-1-63,116000,2023-04-04,100000,Y,210,One Family Year-Round Residence,NY,,2023-04-04,318.1-1-63523200,,left_only,
warren,2023,523400,Queensbury,3,522201,Lake George,252.47-1-3,306700,2023-04-04,517000,Y,210,One Family Year-Round Residence,NY,A,2023-04-04,252.47-1-3523400,,left_only,
warren,2023,523200,Lake Luzerne,3,523201,Hadley-Luzerne,292.12-1-17.1,27500,2023-04-05,24000,Y,311,Residential Vacant Land,NY,,2023-04-05,292.12-1-17.1523200,,left_only,
warren,2023,522000,Bolton,3,522001,Bolton,186.06-1-4,200000,2023-04-06,439000,Y,210,One Family Year-Round Residence,NY,,2023-04-06,186.06-1-4522000,,left_only,
warren,2023,523200,Lake Luzerne,3,523201,Hadley-Luzerne,286.8-1-15,900000,2023-04-06,1750000,Y,417,"Camps, Cottages, Bungalows",NY,W,2023-04-06,286.8-1-15523200,,left_only,
warren,2023,523400,Queensbury,3,520500,Glens Falls,296.74-1-25,221000,2023-04-06,299000,Y,210,One Family Year-Round Residence,NY,A,2023-04-06,296.74-1-25523400,,left_only,
warren,2023,522800,Horicon,3,522402,North Warren,106.-1-16.31,355000,2023-04-10,451000,Y,210,One Family Year-Round Residence,NY,,2023-04-10,106.-1-16.31522800,,left_only,
warren,2023,523400,Queensbury,3,523402,Queensbury,279.18-1-16,229200,2023-04-11,321000,Y,210,One Family Year-Round Residence,NY,,2023-04-11,279.18-1-16523400,,left_only,
warren,2023,523400,Queensbury,3,523402,Queensbury,296.9-2-38,227900,2023-04-12,368000,Y,210,One Family Year-Round Residence,NY,,2023-04-12,296.9-2-38523400,,left_only,
warren,2023,523400,Queensbury,3,520500,Glens Falls,302.14-1-12,248400,2023-04-12,323900,Y,210,One Family Year-Round Residence,NY,,2023-04-12,302.14-1-12523400,,left_only,
warren,2023,523000,Johnsburg,3,523001,Johnsburg,46.-1-81.2,53900,2023-04-12,75000,Y,311,Residential Vacant Land,NY,A,2023-04-12,46.-1-81.2523000,,left_only,
warren,2023,523400,Queensbury,3,523402,Queensbury,302.5-1-48,147300,2023-04-12,211000,Y,210,One Family Year-Round Residence,NY,,2023-04-12,302.5-1-48523400,,left_only,
warren,2023,522289,Lake George,0,522201,Lake George,264.03-2-28,26500,2023-04-13,49900,Y,311,Residential Vacant Land,NY,,2023-04-13,264.03-2-28522289,,left_only,
warren,2023,523200,Lake Luzerne,3,523201,Hadley-Luzerne,286.-1-26,297000,2023-04-13,665000,Y,210,One Family Year-Round Residence,CT,,2023-04-13,286.-1-26523200,,left_only,
warren,2023,523400,Queensbury,3,523402,Queensbury,290.17-1-36,503300,2023-04-14,640000,Y,210,One Family Year-Round Residence,NY,,2023-04-14,290.17-1-36523400,,left_only,
warren,2023,523400,Queensbury,3,523402,Queensbury,296.17-1-45,424800,2023-04-14,785000,Y,422,Diners and Luncheonettes,NY,,2023-04-14,296.17-1-45523400,,left_only,
warren,2023,522400,Chester,3,522402,North Warren,120.3-1-19,12560,2023-04-14,40900,Y,311,Residential Vacant Land,NY,,2023-04-14,120.3-1-19522400,,left_only,
warren,2023,523200,Lake Luzerne,3,523201,Hadley-Luzerne,292.-1-23,60000,2023-04-14,116500,Y,314,Rural Vacant Lots of 10 Acres or less,NJ,,2023-04-14,292.-1-23523200,,left_only,
warren,2023,523200,Lake Luzerne,3,523201,Hadley-Luzerne,298.16-2-71,175000,2023-04-15,260000,Y,210,One Family Year-Round Residence,NY,,2023-04-15,298.16-2-71523200,,left_only,
warren,2023,522000,Bolton,3,522001,Bolton,199.04-1-7.131,65600,2023-04-18,75000,Y,311,Residential Vacant Land,NY,,2023-04-18,199.04-1-7.131522000,,left_only,
warren,2023,522289,Lake George,0,522201,Lake George,238.16-1-47,176300,2023-04-19,70000,Y,210,One Family Year-Round Residence,NY,,2023-04-19,238.16-1-47522289,,left_only,
warren,2023,522289,Lake George,0,522201,Lake George,264.04-1-44.1,322000,2023-04-21,499000,Y,210,One Family Year-Round Residence,NJ,,2023-04-21,264.04-1-44.1522289,,left_only,
warren,2023,522289,Lake George,0,522201,Lake George,238.-1-55.3,52500,2023-04-21,80000,Y,311,Residential Vacant Land,NY,,2023-04-21,238.-1-55.3522289,,left_only,
warren,2023,522289,Lake George,0,522201,Lake George,238.08-1-54,2598000,2023-04-21,4200000,Y,210,One Family Year-Round Residence,NY,W,2023-04-21,238.08-1-54522289,,left_only,
warren,2023,522400,Chester,3,522402,North Warren,104.10-1-13,162900,2023-04-21,325000,Y,210,One Family Year-Round Residence,NY,,2023-04-21,104.10-1-13522400,,left_only,
warren,2023,522400,Chester,3,522402,North Warren,17.-1-22,152700,2023-04-21,88500,Y,210,One Family Year-Round Residence,NY,,2023-04-21,17.-1-22522400,,left_only,
warren,2023,523400,Queensbury,3,523402,Queensbury,296.18-1-47.1,8759600,2023-04-21,12142000,Y,451,Regional Shopping Centers,CT,,2023-04-21,296.18-1-47.1523400,,left_only,
warren,2023,523400,Queensbury,3,523402,Queensbury,297.14-1-21,229000,2023-04-24,243800,Y,220,Two Family Year-Round Residence,NY,,2023-04-24,297.14-1-21523400,,left_only,
warren,2023,523200,Lake Luzerne,3,523201,Hadley-Luzerne,293.-1-3,80000,2023-04-24,245000,Y,210,One Family Year-Round Residence,NY,,2023-04-24,293.-1-3523200,,left_only,
warren,2023,522400,Chester,3,522402,North Warren,86.13-1-40,68800,2023-04-25,53650,Y,311,Residential Vacant Land,NY,,2023-04-25,86.13-1-40522400,,left_only,
warren,2023,523400,Queensbury,3,523402,Queensbury,289.15-1-47,215900,2023-04-26,295000,Y,310,Residential,NY,,2023-04-26,289.15-1-47523400,,left_only,
warren,2023,523200,Lake Luzerne,3,523201,Hadley-Luzerne,286.-1-34,140000,2023-04-27,184500,Y,484,One Story Small Structure,NY,,2023-04-27,286.-1-34523200,,left_only,
washington,2013,532889,Fort Ann,0,532802,Fort Ann,105.-1-15,100200,2013-12-30,80000,Y,210,One Family Year-Round Residence,CT,,2013-12-30,105.-1-15532889,0.7927903052615433,both,63423.22442092346
